"BLOCK","ROW","COLUMN","UID","Mx.Number","Genotype","ShootCountsDoY73","ShootCountsDoY80","ShootCountsDoY87","ShootCountsDoY96","ShootCountsDoY101","ShootCountsDoY109","ShootCountsDoY114","ShootCountsDoY123","ShootCountsDoY129","ShootCountsDoY136","ShootCountsDoY144","ShootCountsDoY151","ShootCountsDoY157","ShootCountsDoY164","ShootCountsDoY171","ShootCountsDoY178","ShootCountsDoY185","ShootCountsDoY192","ShootCountsDoY200","ShootCountsDoY206","ShootCountsDoY213","ShootCountsDoY220","ShootCountsDoY227","ShootCountsDoY234","ShootCountsDoY242","ShootCountsDoY248","ShootCountsDoY256","ShootCountsDoY264","ShootCountsDoY276","ShootCountsDoY283","ShootCountsDoY290","ShootCountsDoY297","ShootCountsDoY305","maxShootCount","DoYmaxShootCount","CanopyHeightDoY123","CanopyHeightDoY129","CanopyHeightDoY136","CanopyHeightDoY144","CanopyHeightDoY151","CanopyHeightDoY157","CanopyHeightDoY164","CanopyHeightDoY171","CanopyHeightDoY178","CanopyHeightDoY185","CanopyHeightDoY192","CanopyHeightDoY200","CanopyHeightDoY206","CanopyHeightDoY213","CanopyHeightDoY220","CanopyHeightDoY227","CanopyHeightDoY234","CanopyHeightDoY242","CanopyHeightDoY248","CanopyHeightDoY256","CanopyHeightDoY264","CanopyHeightDoY270","CanopyHeightDoY276","CanopyHeightDoY283","CanopyHeightDoY290","CanopyHeightDoY297","maxCanopyHeight","DoYmaxCanopyHeight","FloweringStageDoY200","FloweringStageDoY206","FloweringStageDoY213","FloweringStageDoY220","FloweringStageDoY227","FloweringStageDoY234","FloweringStageDoY242","FloweringStageDoY248","FloweringStageDoY256","FloweringStageDoY264","FloweringStageDoY272","FloweringStageDoY276","FloweringStageDoY286","FloweringStageDoY291","FloweringStageDoY298","FloweringStageDoYFirstA","FloweringStageDoYFirstF"
1,1,4,"27827"," - Mx 1553#1","1",0,0,3,3,2,3,5,6,7,7,7,7,8,11,12,12,13,16,19,21,23,24,26,27,28,30,31,31,42,40,48,47,47,48,290,10,15,15,15,20,20,20,20,25,30,30,30,30,35,35,40,45,45,50,50,50,50,55,55,55,55,55,276,"","","","","","","","","","","","","","","",NA,NA
2,7,6,"27954"," - Mx 1553#1","1",0,1,2,2,2,2,3,4,4,4,4,5,5,5,5,6,6,7,8,8,10,11,17,18,23,21,26,26,28,30,35,33,33,35,290,5,10,10,10,10,15,15,15,20,20,25,25,25,30,30,35,40,45,45,45,50,50,50,50,50,50,50,264,"","","","","","","","","","","","","","","",NA,NA
3,4,3,"28026"," - Mx 1553#1","1",0,0,0,2,5,5,5,5,5,5,6,5,9,9,10,12,13,16,15,20,22,23,25,23,27,28,28,29,33,34,34,34,34,34,283,15,20,20,25,25,25,30,35,40,40,40,40,35,40,45,45,50,50,50,55,55,55,60,60,60,60,60,276,"","","","","","","","","","","","","","","",NA,NA
1,3,12,"27896"," - Mx 1553#2","2",2,2,4,4,5,5,6,4,5,5,5,6,10,11,11,13,14,17,17,19,20,21,21,22,23,23,23,23,28,30,33,34,35,35,305,15,15,20,20,25,25,25,25,30,35,35,35,40,45,50,45,45,45,45,45,50,50,50,50,50,50,50,220,"","","","","","","A","","","F","","","","","",242,264
2,9,3,"27929"," - Mx 1553#2","2",0,2,2,2,2,2,2,2,3,3,3,3,3,3,3,3,4,4,7,8,8,9,10,10,10,10,11,11,12,15,15,15,15,15,283,15,15,20,20,25,20,30,25,30,35,40,40,45,50,50,45,45,40,40,40,40,40,40,40,40,40,50,213,"","","","","A","","","F","","","","","","","",227,248
3,3,6,"28051"," - Mx 1553#2","2",0,2,4,2,4,5,4,5,5,5,5,5,6,6,6,7,9,16,18,19,21,22,22,24,24,22,24,25,29,28,30,30,30,30,290,15,15,20,20,20,25,30,30,35,35,40,40,40,40,45,45,45,45,45,45,45,45,40,40,40,40,45,220,"","","","","A","","","F","","","","","","","",227,248
1,2,4,"27828"," - Mx 1553#3","3",3,3,4,6,6,5,6,10,10,9,9,11,13,13,13,16,19,25,26,27,27,28,29,29,29,30,32,31,40,55,55,58,57,58,297,15,15,20,20,25,20,25,25,25,30,35,35,35,35,40,40,40,40,40,45,45,50,50,50,50,50,50,270,"","","","","","","","","","","","","A","","",286,NA
2,6,4,"27935"," - Mx 1553#3","3",0,0,2,3,4,5,4,4,4,4,4,4,4,4,4,4,8,15,17,18,18,18,18,18,18,18,18,18,19,22,24,24,29,29,305,15,25,25,25,25,25,30,30,30,30,35,35,40,40,40,40,40,45,45,45,45,45,45,45,45,45,45,242,"","","","","","","","","","","","A","","","",276,NA
3,1,10,"28083"," - Mx 1553#3","3",1,1,2,2,1,1,3,4,4,4,5,5,5,5,5,7,9,11,16,17,18,18,18,19,19,18,19,20,22,22,23,22,24,24,305,15,15,20,20,25,25,30,30,30,35,40,40,40,40,45,45,45,45,50,50,50,50,50,50,50,50,50,248,"","","","","","","","","","","","","A","","",286,NA
1,2,10,"27879"," - Mx 1553#4","4",0,1,3,4,8,9,11,12,13,13,14,14,15,21,23,29,34,39,38,43,43,48,50,49,51,52,53,54,63,66,73,78,80,80,305,15,15,20,20,20,20,20,25,30,30,30,35,40,45,50,50,50,50,55,60,60,60,60,60,60,60,60,256,"","","","","","","","","","A","","F","","","",264,276
2,3,2,"27914"," - Mx 1553#4","4",0,1,1,2,2,2,2,2,2,2,2,2,4,5,6,6,8,9,9,9,11,12,13,15,15,15,15,17,18,19,23,24,24,24,297,15,15,20,15,20,25,30,25,30,30,30,30,30,35,40,40,45,50,50,45,45,45,50,50,50,50,50,242,"","","","","","","","","A","","F","","","","",256,272
3,8,2,"28021"," - Mx 1553#4","4",0,0,1,4,4,6,8,10,11,11,12,17,21,22,25,27,28,29,28,29,30,31,32,32,34,34,38,44,55,57,62,62,62,62,290,15,15,20,20,20,20,25,25,30,30,35,30,35,35,40,45,45,45,45,50,50,50,50,50,50,50,50,256,"","","","","","","","","","","F","","","","",NA,272
1,4,9,"27873"," - Mx 1553#5","5",0,0,0,0,1,2,2,2,4,4,4,5,7,7,6,7,10,10,12,13,13,13,17,17,21,20,22,22,27,27,28,28,28,28,290,5,5,5,10,10,10,15,15,10,10,10,10,10,10,10,10,10,10,10,10,10,10,10,10,10,10,15,164,"","","","","","","","","","","","","","","",NA,NA
2,7,7,"27962"," - Mx 1553#5","5",0,0,0,0,1,2,3,4,4,5,6,6,6,6,8,10,10,9,11,11,15,16,22,22,28,28,30,33,33,33,35,40,37,40,297,5,10,5,5,5,5,10,15,15,10,10,10,10,10,10,10,10,15,15,15,15,15,15,15,15,15,15,171,"","","","","","","","","","","","","","","",NA,NA
3,2,12,"28102"," - Mx 1553#5","5",0,0,1,2,2,2,2,2,2,2,3,3,4,4,4,6,8,5,9,10,11,10,15,12,15,12,13,15,17,15,16,14,14,17,276,5,10,10,10,10,10,10,10,10,15,15,15,15,10,15,10,10,10,10,10,10,10,10,10,10,10,15,185,"","","","","","","","","","","","","","","",NA,NA
1,2,7,"27853"," - Mx 1553#6","6",0,0,1,4,5,3,4,4,2,3,4,10,14,14,14,19,23,23,24,26,30,31,31,33,34,34,35,37,55,58,58,66,61,66,297,10,5,5,10,10,10,10,15,15,15,15,20,25,25,30,30,30,30,35,40,40,45,45,45,45,45,45,270,"","","","","","","","","","F","","","","","",NA,264
2,4,7,"27959"," - Mx 1553#6","6",0,0,0,0,1,1,1,0,0,0,1,1,3,4,4,5,5,5,5,5,5,5,5,6,7,11,13,14,15,15,16,16,16,16,290,NA,NA,0,5,5,5,10,10,10,15,15,15,15,15,20,20,20,20,25,30,30,30,30,30,30,30,30,256,"","","","","","","","","","","A","F","","","",272,276
3,9,1,"28014"," - Mx 1553#6","6",0,1,2,5,5,6,7,8,9,9,9,9,12,11,12,19,20,20,21,22,23,25,28,27,29,28,32,35,42,50,58,52,55,58,290,15,20,25,25,25,25,25,25,30,35,40,40,45,45,45,45,45,45,45,45,45,45,45,45,45,45,45,206,"","","","F","","","","","","","","","","","",NA,220
1,3,11,"27888"," - Mx 1553#7","7",0,0,4,3,8,7,9,8,9,10,10,10,16,23,24,30,31,32,39,41,45,49,54,58,62,65,66,70,75,91,86,84,84,91,283,10,10,10,10,10,10,15,15,15,20,20,20,20,25,25,25,25,25,30,35,35,35,35,35,30,30,35,256,"","","","","","","","","","A","","F","","","",264,276
2,5,12,"28001"," - Mx 1553#7","7",1,3,8,4,3,4,5,7,9,13,15,17,22,22,22,27,33,34,38,40,42,48,49,50,52,54,58,58,61,70,63,60,59,70,283,15,20,20,20,20,25,30,35,35,35,35,35,40,40,45,45,45,45,50,55,55,55,55,55,55,55,55,256,"","","","","","","","","F","","","","","","",NA,256
3,4,9,"28077"," - Mx 1553#7","7",0,0,3,5,5,6,7,8,9,9,9,10,14,16,20,23,24,25,25,25,25,26,27,28,29,30,29,30,32,39,38,38,36,39,283,20,25,25,25,25,25,30,35,35,35,40,40,40,40,40,40,40,40,45,45,45,45,45,45,40,40,45,248,"","","","","","","","F","","","","","","","",NA,248
1,5,8,"27865"," - Mx 1553#8","8",1,1,1,1,3,3,3,5,5,5,6,7,7,7,8,9,11,18,22,24,30,31,37,36,38,38,38,41,61,59,61,62,69,69,305,20,25,30,35,35,30,35,30,35,35,35,40,45,45,45,45,45,45,50,50,50,50,50,50,50,50,50,248,"","","","","","","","","","","","","","","",NA,NA
2,5,6,"27952"," - Mx 1553#8","8",0,0,0,4,2,6,7,8,8,9,13,17,20,22,25,27,31,33,35,38,38,41,42,43,51,57,57,64,75,101,102,103,101,103,297,20,20,25,25,25,25,30,30,30,30,40,30,40,40,40,45,45,45,45,45,50,50,50,50,50,50,50,264,"","","","","","","","","","","","","","","A",298,NA
3,9,11,"28100"," - Mx 1553#8","8",0,0,3,3,6,5,2,2,2,3,10,10,13,16,16,19,21,22,24,28,39,43,46,46,46,48,53,55,67,80,80,84,86,86,305,20,20,30,30,30,30,35,35,40,40,45,40,45,45,45,45,50,50,50,50,55,60,65,65,65,65,65,276,"","","","","","","","","","","","","","","",NA,NA
1,9,7,"27860"," - Mx 1553#9","9",0,0,0,1,2,2,3,3,3,3,3,3,3,3,3,3,3,3,4,9,12,13,16,15,19,18,19,18,19,17,17,17,18,19,242,10,15,15,20,15,15,25,25,25,25,25,25,25,30,35,35,35,35,30,30,25,30,30,30,30,30,35,220,"","","","","","","","","","","F","","","","",NA,272
2,6,2,"27917"," - Mx 1553#9","9",1,1,1,3,7,6,6,7,7,7,7,7,7,6,7,9,15,18,19,20,22,23,23,25,26,26,28,26,24,24,28,25,28,28,256,20,20,25,25,25,25,30,30,35,30,35,35,35,40,40,40,40,40,40,40,40,40,40,40,40,40,40,213,"","","","","","","","","","","","","","","",NA,NA
3,2,5,"28041"," - Mx 1553#9","9",0,0,1,8,11,11,10,12,13,17,17,18,22,20,21,23,23,25,23,29,27,29,33,29,35,30,32,31,35,35,36,35,38,38,305,10,15,15,15,15,15,20,20,20,15,15,15,15,15,15,15,15,15,15,15,20,20,20,20,20,20,20,164,"","","","","","","","","","","","","","","",NA,NA
1,4,12,"27897"," - Mx 1553#10","10",8,10,15,7,7,7,10,15,17,20,21,23,26,27,27,30,33,37,34,49,54,61,63,61,61,59,67,67,84,87,103,99,104,104,305,15,20,25,25,25,25,25,30,30,30,35,35,35,40,40,50,50,50,50,50,55,55,55,55,55,55,55,264,"","","","","","","A","","F","","","","","","",242,256
2,1,1,"27903"," - Mx 1553#10","10",0,0,4,4,5,5,5,5,5,5,5,5,6,5,7,14,16,16,18,18,19,20,21,24,26,36,37,41,51,55,57,56,56,57,290,15,20,20,20,20,20,25,25,25,30,30,30,30,35,35,35,35,35,35,35,35,35,35,35,35,35,35,213,"","","","A","","F","","","","","","","","","",220,234
3,6,2,"28019"," - Mx 1553#10","10",1,1,4,7,7,5,7,6,6,6,6,7,11,10,17,21,25,26,28,29,36,36,40,44,46,47,49,56,78,85,85,87,89,89,305,5,10,10,15,15,15,20,20,20,20,30,25,25,25,30,35,35,35,40,40,40,40,40,45,45,45,45,283,"","","","","","","","","","F","","","","","",NA,264
1,9,2,"27818"," - Mx 1553#11","11",0,1,2,3,4,4,4,4,4,4,4,6,8,9,10,12,17,18,20,22,24,24,27,28,34,35,37,37,42,40,41,41,41,42,276,25,30,35,35,40,40,45,45,45,45,50,50,50,55,55,55,55,55,60,55,55,60,60,55,55,55,60,248,"","","","A","","","F","","","","","","","","",220,242
2,6,11,"27993"," - Mx 1553#11","11",0,0,0,2,2,3,3,4,4,4,4,4,5,6,6,9,13,14,17,18,18,19,21,22,22,25,26,25,29,32,32,31,30,32,283,15,15,15,20,20,25,30,30,30,30,30,35,35,40,40,40,45,45,45,45,45,45,45,45,45,45,45,234,"","","","","","","A","","","F","","","","","",242,264
2,9,1,"27911"," - Mx 1553#11","11",0,0,0,0,0,0,1,1,1,1,1,1,1,1,1,1,2,2,2,3,3,3,3,3,3,3,3,3,3,3,3,3,3,3,206,10,15,20,20,20,25,30,30,35,30,35,35,40,40,40,40,35,35,35,35,35,30,25,25,25,25,40,206,"","","","","","A","","","F","","","","","","",234,256
3,7,2,"28020"," - Mx 1553#11","11",0,0,0,0,3,5,5,4,4,5,4,4,6,6,7,7,8,8,12,13,17,19,19,20,21,23,23,25,26,26,26,25,25,26,276,20,20,25,25,30,30,40,40,45,45,50,50,50,50,50,55,55,55,55,55,55,55,55,55,55,55,55,227,"","","","","","","A","","F","","","","","","",242,256
3,7,8,"28071"," - Mx 1553#11","11",0,0,2,4,5,5,5,5,5,6,6,7,10,11,11,11,15,17,18,22,23,24,25,25,27,26,27,27,29,31,29,29,28,31,283,30,30,30,35,40,40,50,50,50,50,55,55,55,55,55,55,55,55,55,55,55,55,55,55,55,55,55,192,"","","","A","","","F","","","","","","","","",220,242
1,2,1,"27802"," - Mx 1553#12","12",2,2,3,2,5,4,5,6,7,8,8,11,12,12,13,17,19,23,27,31,32,37,37,43,51,53,59,66,80,98,98,104,103,104,297,20,25,30,30,35,30,35,35,40,40,40,40,40,40,45,50,55,55,55,60,60,60,55,55,55,55,60,256,"","","","","A","F","","","","","","","","","",227,234
2,9,9,"27980"," - Mx 1553#12","12",0,0,2,2,2,3,8,11,12,11,13,14,14,16,16,19,26,37,44,44,50,56,58,65,69,71,73,81,102,106,107,107,107,107,290,15,20,25,25,30,25,30,30,35,35,35,35,30,30,40,35,35,35,40,45,50,50,50,55,55,55,55,283,"","","","A","","","F","","","","","","","","",220,242
3,7,6,"28054"," - Mx 1553#12","12",4,3,13,10,8,6,6,11,15,14,18,16,21,21,25,25,31,33,31,42,44,49,56,56,63,72,79,88,112,116,126,123,125,126,290,10,20,20,25,25,30,35,40,40,40,50,50,50,55,55,55,65,65,65,70,75,70,70,65,65,65,75,264,"","","","","","","","F","","","","","","","",NA,248
1,7,7,"27858"," - Mx 1553#14","14",0,0,0,0,0,0,0,0,0,0,0,0,1,1,1,2,2,2,3,3,3,4,4,5,5,9,11,11,14,18,26,24,23,26,290,NA,NA,0,0,0,5,5,5,10,10,10,10,15,15,15,15,20,20,20,20,20,20,25,25,25,25,25,276,"","","","","","","","","","","","A","","","",276,NA
2,5,9,"27977"," - Mx 1553#14","14",0,0,0,1,2,4,4,7,8,8,8,8,8,8,9,11,14,16,18,25,28,34,35,37,39,44,44,50,66,77,88,86,88,88,290,15,20,20,20,20,20,30,30,25,25,30,30,35,40,45,45,45,45,45,50,55,55,55,55,55,55,55,264,"","","","A","","","","","","F","","","","","",220,264
3,1,4,"28032"," - Mx 1553#14","14",1,2,4,7,6,6,8,11,11,11,11,14,18,18,24,31,33,37,36,38,41,47,48,51,52,56,61,66,87,90,95,95,96,96,305,5,5,10,10,15,15,20,20,20,20,20,20,20,25,25,25,25,25,25,25,25,25,25,25,25,25,25,213,"","","","","","","","","A","","","F","","","",256,276
1,4,5,"27838"," - Mx 1553#15","15",0,0,1,1,2,2,2,2,2,2,3,3,3,3,3,3,7,8,9,11,11,11,12,12,14,14,15,14,19,20,23,23,23,23,290,20,25,25,25,30,25,30,30,30,25,30,30,40,40,45,45,45,45,45,45,45,40,40,40,40,40,45,220,"","","","A","F","","","","","","","","","","",220,227
3,6,4,"28036"," - Mx 1553#15","15",0,2,5,7,6,8,7,8,7,7,7,9,10,10,13,15,17,17,20,20,23,25,26,28,30,31,32,39,43,54,54,56,57,57,305,25,25,20,20,20,25,30,30,35,35,40,40,40,40,45,45,50,50,50,55,55,55,60,60,60,60,60,276,"","","","","A","","F","","","","","","","","",227,242
1,7,9,"27876"," - Mx 1553#16","16",0,0,1,2,5,5,3,5,7,7,8,8,9,11,13,14,15,18,25,27,29,33,36,34,38,39,39,42,43,63,60,60,60,63,283,15,15,20,20,20,20,25,25,25,25,25,25,25,30,35,40,40,40,40,45,45,45,45,45,45,45,45,256,"","","","","A/F","","","","","","","","","","",NA,NA
2,3,9,"27975"," - Mx 1553#16","16",0,0,1,2,1,2,2,4,6,6,5,5,6,7,7,11,14,15,17,19,27,27,30,31,34,34,35,41,48,56,60,60,63,63,305,10,10,15,15,15,15,20,20,20,20,25,25,25,25,25,30,35,35,40,40,40,40,40,40,40,40,40,248,"","","","","A","","","","","F","","","","","",227,264
3,5,8,"28069"," - Mx 1553#16","16",0,0,0,3,3,4,5,4,3,3,4,6,9,10,15,15,15,16,14,20,23,25,26,26,27,27,27,30,49,55,60,55,60,60,290,10,10,10,15,15,15,20,20,20,20,25,20,20,25,35,35,40,40,40,45,45,45,45,45,45,45,45,256,"","","","","F","","","","","","","","","","",NA,227
1,5,1,"27805"," - Mx 1553#17","17",0,0,0,0,0,1,1,2,2,1,1,1,1,1,1,1,2,3,6,6,7,7,7,7,8,8,10,11,19,21,22,22,22,22,290,15,15,15,20,15,15,20,25,20,25,25,30,30,35,40,40,45,45,45,50,50,50,50,50,50,50,50,256,"","","","","","A","","","","","","A","","F","",234,291
2,7,4,"27936"," - Mx 1553#17","17",0,0,1,1,1,1,0,0,2,1,1,1,1,1,1,1,1,1,1,1,1,1,1,1,4,4,5,6,7,7,8,7,6,8,290,NA,5,5,5,5,10,10,15,15,15,15,20,20,20,20,25,25,30,35,35,35,35,35,25,25,25,35,248,"","","","","","","","","A","","","F","","","",256,276
3,8,5,"28047"," - Mx 1553#17","17",0,0,0,0,0,0,0,2,2,2,2,2,2,3,4,6,6,6,6,6,6,6,6,6,8,9,10,12,15,16,20,21,19,21,297,NA,5,10,10,15,15,20,20,25,20,25,25,25,25,30,30,30,35,35,40,40,40,40,40,40,40,40,256,"","","","","","","","","A","","F","","","","",256,272
1,8,9,"27877"," - Mx 1553#18","18",0,6,6,8,3,6,8,13,14,15,15,17,21,28,28,29,41,42,51,59,62,70,76,81,87,85,95,111,138,159,154,149,149,159,283,15,15,20,20,25,25,30,30,35,35,35,40,40,40,45,50,50,50,50,50,50,55,55,50,50,55,55,270,"","","","","A","F","","","","","","","","","",227,234
2,7,1,"27909"," - Mx 1553#18","18",0,0,3,5,5,8,7,9,10,10,10,10,10,10,13,18,30,34,28,39,46,57,64,74,75,79,79,81,100,97,103,103,97,103,290,25,25,25,30,30,30,35,40,40,40,50,50,55,55,55,50,60,60,55,55,55,55,55,55,55,55,60,234,"","","A","","","F","","","","","","","","","",213,234
3,6,6,"28053"," - Mx 1553#18","18",0,0,2,2,5,8,6,7,9,10,14,15,16,17,20,20,22,26,30,35,40,46,64,70,80,86,86,102,118,137,135,135,131,137,283,10,15,15,15,20,20,25,25,30,25,30,35,35,35,40,40,40,40,40,40,40,40,40,40,35,35,40,220,"","","","","","","A","","F","","","","","","",242,256
1,8,3,"27825"," - Mx 1553#19","19",7,7,10,12,14,19,20,18,20,22,23,24,26,31,32,38,52,50,55,64,67,74,75,76,77,79,79,85,88,95,116,117,112,117,297,25,25,25,25,25,25,30,30,30,30,35,40,40,40,45,45,45,45,45,45,45,45,45,45,45,45,45,220,"","","","","A","","F","","","","","","","","",227,242
2,9,12,"28005"," - Mx 1553#19","19",0,0,0,0,0,2,2,2,2,2,2,2,2,3,3,5,5,5,8,8,9,12,12,13,14,17,19,22,26,29,29,30,30,30,297,10,5,15,15,15,10,20,20,25,20,30,30,30,30,35,35,35,35,35,40,40,40,40,40,40,35,40,256,"","","","","","","A","","","F","","","","","",242,264
3,8,12,"28107"," - Mx 1553#19","19",1,4,2,3,5,7,6,9,8,9,9,9,12,11,16,17,18,21,22,24,23,25,25,29,29,30,31,32,40,40,45,47,45,47,297,10,10,10,15,15,20,25,25,25,25,25,25,25,30,30,30,30,30,30,30,30,30,30,30,30,30,30,213,"","","","","","","","","","","A","","","","",272,NA
3,8,7,"28063"," - Mx 1553#20","20",0,0,0,0,0,0,1,2,2,2,3,3,4,4,4,4,4,4,4,4,5,7,9,13,16,16,17,18,19,22,22,21,20,22,283,5,5,5,10,10,10,15,15,15,15,20,20,20,20,20,25,30,30,35,35,35,35,35,35,35,35,35,248,"","","","","","","","","","","","A","","","",276,NA
1,5,9,"27874"," - Mx 1553#22","22",1,3,9,7,10,9,9,12,14,14,16,19,19,22,28,39,49,54,60,63,69,73,74,75,76,79,81,85,96,116,114,114,114,116,283,25,25,25,25,25,25,30,30,30,35,40,35,40,45,50,50,50,50,50,50,50,50,50,50,50,50,50,220,"","","","","A","","F","","","","","","","","",227,242
2,3,7,"27958"," - Mx 1553#22","22",0,0,5,5,7,7,8,11,10,11,13,13,15,16,19,24,27,33,37,38,41,43,49,47,50,51,52,53,74,77,84,81,82,84,290,15,20,25,25,25,25,30,30,30,30,30,40,40,40,45,50,50,50,55,50,50,50,50,50,50,50,55,248,"","","","","A","","","F","","","","","","","",227,248
3,5,4,"28035"," - Mx 1553#22","22",0,1,6,7,6,8,8,8,8,11,15,16,18,20,21,24,27,29,30,30,31,33,33,33,41,51,59,58,70,75,76,75,73,76,290,20,25,25,25,25,30,35,30,35,35,40,35,40,45,50,50,50,50,55,55,55,55,55,55,55,55,55,248,"","","","A","","F","","","","","","","","","",220,234
1,3,5,"27837"," - Mx 1553#23","23",2,2,3,3,5,5,4,1,3,4,5,5,9,10,13,15,16,17,17,17,21,24,27,30,33,32,34,35,38,40,40,39,38,40,283,NA,15,20,25,25,25,25,30,30,40,40,40,40,40,50,50,55,55,55,55,60,60,60,60,55,55,60,264,"","","","","","","A","","","F","","","","","",242,264
2,7,9,"27978"," - Mx 1553#23","23",0,0,1,0,1,1,2,4,4,4,4,4,4,5,6,11,14,17,21,20,21,24,23,25,28,28,30,31,38,39,40,40,40,40,290,15,15,20,20,25,25,25,25,30,30,40,40,40,40,45,45,45,45,50,50,50,50,50,50,50,50,50,248,"","","","","A","","","F","","","","","","","",227,248
3,2,1,"28007"," - Mx 1553#23","23",1,2,5,4,8,7,7,6,5,5,8,10,12,14,16,18,17,21,22,24,27,27,27,28,30,30,30,30,39,42,45,43,43,45,290,20,25,25,25,25,25,30,30,35,40,40,40,45,45,45,50,50,55,50,50,55,55,55,55,55,55,55,242,"","","","","A","","","","","F","","","","","",227,264
1,4,1,"27804"," - Mx 1553#24","24",2,3,6,6,8,10,11,12,13,14,15,16,19,18,23,31,34,40,47,52,53,58,63,68,67,68,70,74,88,95,100,100,101,101,305,20,20,25,30,30,30,30,30,30,30,30,35,35,40,45,50,50,50,55,60,60,60,60,60,60,60,60,256,"","","A","","F","","","","","","","","","","",213,227
2,5,8,"27969"," - Mx 1553#24","24",1,1,2,2,2,3,3,3,3,5,5,6,7,9,10,14,17,18,18,21,25,29,32,35,37,39,40,42,43,44,45,44,44,45,290,20,25,30,35,35,35,40,40,50,45,50,50,55,60,60,60,60,65,60,60,60,60,60,55,55,55,65,242,"","","","A","","","F","","","","","","","","",220,242
3,2,9,"28075"," - Mx 1553#24","24",0,0,1,0,0,3,4,6,6,5,6,5,4,7,9,11,9,10,12,14,16,17,18,22,25,31,34,36,56,60,61,66,65,66,297,5,15,15,10,10,10,15,15,12,10,20,20,20,20,25,25,35,40,40,40,40,45,45,45,45,45,45,270,"","","","","","","A","","","","F","","","","",242,272
1,1,3,"27819"," - Mx 1553#25","25",0,0,2,3,3,2,3,4,4,4,4,5,6,7,7,9,10,11,12,12,12,13,13,10,12,12.8,12,11,12,12,13,13,13,13,220,15,20,20,20,20,25,20,25,30,30,30,30,35,35,35,40,45,50,50,50,50,50,45,45,45,45,50,242,"","","","","","","","","","","","A","","F","",276,291
2,3,3,"27923"," - Mx 1553#25","25",0,0,0,0,0,1,1,3,3,5,5,5,5,5,6,7,8,8,11,12,13,14,14,14,16,17,17,17,18,18,18,18,18,18,276,15,15,15,15,15,15,20,15,15,20,20,25,25,30,35,40,45,50,50,50,50,55,55,55,50,50,55,270,"","","","","","","","A","","","F","","","","",248,272
3,4,4,"28034"," - Mx 1553#25","25",0,0,0,1,4,7,7,7,7,7,7,7,7,7,7,10,10,10,13,15,22,24,27,27,31,32,36,36,41,47,45,40,45,47,283,15,20,25,25,25,25,30,30,30,30,30,30,30,30,30,30,35,35,35,35,35,35,35,35,35,35,35,234,"","","","","","","","","","","","","","","",NA,NA
2,6,5,"27944"," - Mx 1553#26","26",1,1,2,2,2,1,1,1,1,1,1,1,2,2,2,2,1,1,1,1,3,5,5,6,6,6,6,6,6,7,7,6,7,7,283,5,5,5,10,10,10,20,20,20,20,25,20,20,20,25,25,25,25,25,25,25,25,25,25,15,15,25,192,"","","","","","","","","","","","","","","",NA,NA
3,6,8,"28070"," - Mx 1553#26","26",0,0,0,0,0,0,0,0,0,0,0,0,0,0,0,0,0,0,1,1,1,1,1,1,1,1,1,2,4,4,5,5,4,5,290,NA,NA,0,0,0,0,0,0,0,0,0,5,5,5,5,10,10,15,15,15,15,15,15,15,15,15,15,242,"","","","","","","","","","","","","","","",NA,NA
1,8,1,"27808"," - Mx 1553#27","27",1,0,1,3,4,8,8,9,9,9,10,11,11,11,13,14,16,19,22,28,29,30,31,32,35,33,35,36,48,43,42,42,41,48,276,10,20,15,15,20,25,25,25,25,25,30,35,35,35,35,40,40,40,40,40,40,40,40,40,40,40,40,227,"","","","","","","","","","","","","","","",NA,NA
2,3,1,"27905"," - Mx 1553#27","27",3,4,5,4,4,5,4,5,5,4,5,5,7,7,7,6,10,12,13,14,15,15,16,16,18,18,18,19,27,27,27,27,30,30,305,15,15,15,15,15,10,20,20,25,20,20,25,25,30,35,40,40,40,40,40,40,45,45,45,45,40,45,270,"","","","","","","","","","","","","","","",NA,NA
3,7,11,"28098"," - Mx 1553#27","27",0,0,0,2,3,3,4,4,2,4,3,4,6,6,7,7,8,8,10,10,11,11,11,11,13,13,13,13,14,15,15,15,15,15,283,15,15,15,15,20,20,20,20,25,25,30,30,30,30,30,30,30,30,30,30,30,30,30,30,30,30,30,192,"","","","","","","","","","","","","","","",NA,NA
1,1,7,"27852"," - Mx 1553#28","28",0,0,1,2,2,2,2,2,4,4,4,4,5,5,5,5,9,10,11,14,15,17,17,18,21,19,25,28,35,37,51,48,48,51,290,10,10,10,15,15,15,15,20,25,25,25,25,30,30,30,35,40,40,40,40,40,40,40,40,40,40,40,234,"","","","","","","","","","","","A","","","",276,NA
3,3,8,"28067"," - Mx 1553#28","28",0,1,2,2,2,2,2,2,2,4,4,3,3,3,4,4,7,8,8,9,9,9,9,9,11,14,16,17,22,22,24,24,24,24,290,15,15,15,15,15,20,20,25,30,25,35,35,35,35,35,35,40,45,45,50,50,50,45,45,45,45,50,256,"","","","","","","","","A","","","F","","","",256,276
1,4,4,"27829"," - Mx 1553#32","32",0,0,0,0,1,1,1,1,1,1,2,2,3,4,6,7,7,8,9,9,10,11,13,13,15,16,18,21,30,31,31,32,32,32,297,10,15,15,15,15,15,15,15,20,15,20,25,25,25,25,30,30,30,30,30,30,30,30,30,30,30,30,227,"","","","","","","","","","","","","","","",NA,NA
2,6,1,"27908"," - Mx 1553#32","32",0,0,3,3,2,3,3,3,4,4,4,8,8,9,9,10,14,16,17,20,21,25,26,26,29,33,40,38,40,45,45,46,48,48,305,15,20,20,20,20,20,25,25,30,30,30,30,35,35,35,40,35,35,35,35,35,35,35,35,35,35,40,227,"","","","","","","","","","A","","F","","","",264,276
3,1,11,"28092"," - Mx 1553#32","32",1,2,2,3,4,4,3,3,3,4,7,8,11,12,12,13,15,17,18,19,20,26,27,26,28,34,33,37,46,47,49,49,50,50,305,15,15,20,20,20,25,20,20,20,25,25,30,25,30,30,30,35,35,35,35,40,35,35,35,35,35,40,264,"","","","","","","","","","A","","","","","",264,NA
1,8,4,"27833"," - Mx 1553#34","34",0,1,1,1,3,5,5,5,5,5,7,9,9,11,14,18,25,25,26,34,38,38,46,48,51,53,57,66,99,110,106,110,109,110,283,10,15,15,15,15,20,25,25,25,30,30,30,35,40,40,45,40,40,45,45,45,45,50,50,50,50,50,276,"","","","","","","","","","","A","F","","","",272,276
2,9,4,"27938"," - Mx 1553#34","34",0,0,1,0,2,8,8,4,6,6,9,9,9,11,13,16,18,21,25,27,30,37,43,46,48,54,54,60,69,77,86,89,87,89,297,15,20,20,20,20,25,30,30,30,30,40,40,35,35,40,45,45,45,50,45,50,50,50,50,50,50,50,248,"","","","","","","A/F","","","","","","","","",NA,NA
3,3,3,"28025"," - Mx 1553#34","34",0,0,1,6,6,9,10,13,14,14,15,16,17,18,21,23,27,32,34,35,38,41,41,41,43,47,50,61,85,93,93,96,93,96,297,15,20,20,20,20,20,25,25,30,30,35,30,30,35,35,35,35,35,35,35,40,40,40,40,40,40,40,264,"","","","","","","","","","","F","","","","",NA,272
1,9,4,"27834"," - Mx 1553#35","35",0,1,4,4,3,3,7,3,3,4,9,11,12,13,14,15,15,17,17,22,23,23,23,25,30,34,37,47,74,74,74,74,78,78,305,20,25,30,25,25,25,30,30,30,30,35,35,40,40,40,45,45,40,45,45,50,50,50,50,50,50,50,264,"","","","","","","","","","","","","A","","",286,NA
2,4,12,"28000"," - Mx 1553#35","35",3,5,7,6,6,5,5,5,7,7,9,9,13,12,19,22,25,26,30,30,32,33,34,36,40,40,45,51,70,80,84,84,85,85,305,20,20,25,25,30,30,40,35,40,40,45,45,45,45,50,50,50,50,55,55,50,50,50,50,50,50,55,248,"","","","","","","","","","","","A","","","",276,NA
3,9,10,"28091"," - Mx 1553#35","35",0,0,1,2,2,2,1,1,5,4,4,5,5,5,6,6,6,7,7,7,10,10,11,11,13,14,14,20,32,32,32,34,34,34,297,NA,5,10,10,15,15,20,20,25,25,35,35,35,40,40,40,40,40,40,40,40,40,40,40,40,40,40,213,"","","","","","","","","","","","","","","",NA,NA
1,2,6,"27844"," - Mx 1553#36","36",0,0,3,2,7,6,6,6,8,8,10,9,9,10,12,16,19,20,21,23,25,27,28,28,31,32,31,32,44,48,45,55,56,56,305,25,25,30,30,35,35,35,35,40,40,45,50,50,50,55,60,65,65,65,70,70,70,70,75,75,75,75,283,"","","","","","","","","","","A","F","","","",272,276
2,6,10,"27986"," - Mx 1553#36","36",1,1,1,3,6,6,5,7,7,7,7,7,6,8,8,16,18,21,20,21,22,25,25,25,30,27,32,36,49,53,57,54,54,57,290,20,25,30,35,35,30,35,35,40,45,55,50,60,60,60,60,65,70,70,75,75,75,75,75,70,70,75,256,"","","","","","","","","","","F","","","","",NA,272
3,7,9,"28080"," - Mx 1553#36","36",0,0,7,6,8,7,7,9,12,12,14,13,14,15,15,19,21,26,27,27,27,30,30,30,30,32,34,36,48,64,64,64,64,64,283,30,30,35,40,40,40,45,50,55,55,60,60,60,65,65,65,65,65,65,70,75,75,75,75,75,75,75,264,"","","","","","","","","","","A","","","","",272,NA
1,3,6,"27845"," - Mx 1553#37","37",0,0,3,4,5,5,7,8,7,9,9,9,9,10,10,11,14,19,23,29,30,32,33,34,35,37,39,41,52,49,48,54,51,54,297,20,20,20,25,25,25,25,25,25,25,30,30,30,30,35,40,40,40,40,40,40,40,40,40,40,40,40,227,"","","","","","","","","","A","F","","","","",264,272
3,3,7,"28058"," - Mx 1553#37","37",0,0,1,1,1,1,1,2,3,3,3,4,5,5,6,6,7,7,7,8,9,12,16,19,19,20,21,22,28,26,26,26,25,28,276,10,10,15,15,20,20,20,25,20,20,30,30,30,35,35,40,40,40,40,40,40,40,40,40,40,40,40,227,"","","","","","","","","A","F","","","","","",256,264
1,6,7,"27857"," - Mx 1553#39","39",4,5,6,3,4,5,4,4,4,5,7,8,8,10,14,17,24,24,25,26,28,31,31,35,40,40,44,50,61,65,67,71,72,72,305,20,25,30,25,30,30,35,40,40,40,45,50,55,55,60,60,60,65,65,65,65,65,70,70,70,70,70,276,"","","","","","","","","","F","","","","","",NA,264
2,4,4,"27933"," - Mx 1553#39","39",2,3,4,8,7,9,9,8,9,9,9,10,13,17,20,27,32,34,35,37,44,49,54,59,63,65,66,73,90,114,111,119,120,120,305,25,25,30,30,30,30,40,40,45,40,50,50,55,55,55,60,65,65,65,65,65,70,75,75,75,75,75,276,"","","","","","","A","","","F","","","","","",242,264
3,9,7,"28064"," - Mx 1553#39","39",1,3,9,6,6,7,8,11,13,12,13,14,16,19,21,22,23,25,26,27,37,41,49,50,52,53,55,58,73,93,102,93,92,102,290,15,20,20,20,20,20,30,30,35,35,40,40,40,45,50,50,50,50,55,55,55,60,60,60,65,65,65,290,"","","","","","","","","","","F","","","","",NA,272
1,7,5,"27841"," - Mx 1553#40","40",0,0,0,0,0,1,1,1,1,1,1,1,1,1,1,1,1,3,4,4,5,5,5,5,6,7,7,7,11,10,12,11,11,12,290,10,10,5,10,15,15,25,25,25,25,30,30,30,30,30,30,35,35,35,35,30,30,30,30,30,30,35,234,"","","","","","","","","","A","","","","","",264,NA
2,2,8,"27966"," - Mx 1553#40","40",0,1,1,1,1,1,2,4,7,7,9,9,10,10,12,15,17,18,21,22,23,27,29,29,32,32,36,40,51,55,55,56,56,56,297,15,15,15,20,20,25,30,30,30,30,35,40,40,40,45,45,50,50,50,50,55,55,55,55,55,55,55,264,"","","","","","","","","","","","","","","",NA,NA
3,8,9,"28081"," - Mx 1553#40","40",0,0,4,3,2,4,3,4,6,6,7,8,11,12,15,16,19,20,20,21,21,23,24,24,24,27,32,42,53,55,62,61,62,62,290,30,25,25,30,35,30,45,45,50,45,50,50,50,50,50,50,50,55,60,60,60,60,60,60,60,60,60,248,"","","","","","","","","","","","","","","",NA,NA
1,8,7,"27859"," - Mx 1553#41","41",0,0,3,3,2,0,0,3,3,4,4,4,4,4,4,5,7,7,10,12,13,15,19,21,24,27,30,32,43,61,69,69,69,69,290,NA,5,10,10,15,15,25,25,25,25,10,15,15,15,20,20,25,25,30,30,30,35,35,35,35,35,35,270,"","","","","","","","","","","","A","","","",276,NA
2,7,10,"27987"," - Mx 1553#41","41",0,0,2,4,4,1,3,6,6,9,12,16,20,19,23,25,28,33,59,45,53,57,59,60,67,70,72,86,95,108,148,147,144,148,290,15,15,15,15,20,20,20,25,25,25,25,25,30,30,35,40,40,40,45,45,45,45,50,50,50,50,50,276,"","","","","","","","","","A","","","","","",264,NA
3,3,12,"28103"," - Mx 1553#41","41",1,4,5,3,6,9,9,10,11,11,13,15,18,20,25,31,39,41,47,48,49,51,53,54,58,63,66,81,110,125,129,126,127,129,290,15,20,20,20,30,20,30,25,30,30,35,40,40,45,45,45,45,45,45,50,50,50,50,50,50,50,50,256,"","","","","","","A","","","F","","","","","",242,264
1,7,4,"27832"," - Mx 1553#42","42",0,3,5,6,5,4,4,5,6,8,10,10,10,11,12,12,17,19,28,32,32,35,36,40,45,41,48,48,48,52,52,44,46,52,283,15,15,15,20,20,15,25,25,25,20,20,20,25,25,25,30,30,30,30,30,30,30,25,25,25,25,30,227,"","","","","A","","","","F","","","","","","",227,256
2,7,12,"28003"," - Mx 1553#42","42",1,7,7,6,6,8,9,10,10,11,11,13,14,13,19,22,31,31,31,42,39,40,42,46,49,52,53,55,54,57,55,55,50,57,283,25,25,30,25,25,30,35,40,40,35,40,40,45,45,40,40,45,45,45,45,45,45,45,45,45,45,45,206,"","","A","","","F","","","","","","","","","",213,234
3,9,9,"28082"," - Mx 1553#42","42",0,0,1,7,7,4,5,11,12,12,14,13,15,15,18,20,20,24,26,29,29,29,33,32,32,32,33,34,34,35,35,35,34,35,283,10,15,20,20,25,20,30,30,30,30,35,40,40,40,40,45,45,45,45,45,45,40,40,40,40,40,45,227,"","","","A","","","F","","","","","","","","",220,242
1,2,5,"27836"," - Mx 1553#43","43",0,0,0,0,0,0,0,1,2,3,3,5,5,5,5,5,5,5,6,9,11,14,15,16,18,19,23,26,28,34,37,37,38,38,305,NA,5,5,10,15,15,15,20,25,25,30,30,30,30,35,40,45,50,50,50,55,55,50,50,50,45,55,264,"","","","","","","","","A","","F","","","","",256,272
2,5,2,"27916"," - Mx 1553#43","43",1,5,5,5,5,6,6,7,7,7,7,7,8,9,15,21,21,22,26,25,28,32,34,35,37,38,38,38,50,53,55,53,52,55,290,20,30,30,30,35,40,45,45,50,50,60,60,60,65,65,70,70,70,70,70,70,70,70,70,70,70,70,227,"","","","","A","","","F","","","","","","","",227,248
3,4,6,"28052"," - Mx 1553#43","43",0,6,7,5,2,6,8,13,13,13,15,18,24,29,29,36,38,37,41,41,46,48,52,51,56,55,55,59,66,72,72,72,70,72,283,15,25,25,25,30,30,35,35,45,45,45,45,45,45,50,55,60,60,60,60,60,60,60,60,60,60,60,234,"","","","A","","","F","","","","","","","","",220,242
1,7,12,"27900"," - Mx 1553#44","44",4,5,5,5,6,4,5,6,7,8,8,9,10,12,11,16,19,23,24,27,28,30,33,35,37,40,42,43,59,61,65,62,66,66,305,NA,15,15,15,15,20,20,20,20,20,20,20,20,25,25,25,25,25,25,25,25,30,30,30,25,25,30,270,"","","","","","","","","","","","","","","",NA,NA
2,4,5,"27942"," - Mx 1553#44","44",1,1,5,4,3,5,10,10,12,12,13,13,14,17,16,20,28,34,39,42,45,45,45,49,49,50,52,53,66,64,70,74,73,74,297,10,15,15,15,15,20,20,20,25,20,20,25,25,25,25,25,25,25,30,30,30,30,30,30,30,30,30,248,"","","","","","","","","","","","","A","","",286,NA
3,5,11,"28096"," - Mx 1553#44","44",1,1,1,2,4,5,5,6,7,7,6,7,7,7,7,8,8,11,13,16,20,20,21,22,24,24,26,29,33,34,34,34,34,34,283,10,15,20,20,20,25,25,25,25,25,30,25,30,30,30,30,30,35,35,35,35,35,35,35,35,35,35,242,"","","","","","","","","","","","","A","","",286,NA
1,1,5,"27835"," - Mx 1553#45","45",0,0,0,2,7,8,9,11,13,13,14,14,15,17,19,21,27,30,38,46,48,50,55,55,59,54,58,60,69,66,72,58,52,72,290,10,15,15,15,15,15,15,20,20,20,20,20,20,20,20,20,20,20,20,20,20,20,20,20,20,20,20,171,"","","","A","","F","","","","","","","","","",220,234
2,9,8,"27972"," - Mx 1553#45","45",0,1,1,1,6,6,6,8,9,11,10,11,14,18,18,22,29,33,39,43,54,57,58,68,76,81,84,84,91,99,106,103,100,106,290,10,10,15,15,15,15,20,20,20,20,30,30,25,25,25,25,25,25,25,25,25,25,25,25,25,25,30,192,"","","","","A","","F","","","","","","","","",227,242
3,4,2,"28017"," - Mx 1553#45","45",0,0,0,4,5,8,10,11,11,10,11,11,13,13,13,15,18,16,19,21,21,25,25,25,23,26,23,30,27,28,24,23,23,30,264,5,5,5,5,10,10,10,10,10,10,10,10,10,10,10,10,10,10,5,5,5,5,5,5,5,5,10,151,"","","","","","","","","","","","","","","",NA,NA
1,9,5,"27843"," - Mx 1553#46","46",0,0,0,0,0,1,1,1,1,1,1,1,1,2,2,3,5,5,5,5,7,8,8,8,10,11,11,11,13,13,15,15,15,15,290,15,15,15,15,20,25,25,25,30,30,30,30,30,30,35,35,35,35,40,40,40,40,45,50,50,50,50,283,"","","","","","","","","","A","","F","","","",264,276
2,2,6,"27949"," - Mx 1553#46","46",2,2,5,4,5,5,5,6,6,6,5,7,9,12,12,12,14,14,14,17,18,22,22,23,23,23,27,31,36,41,44,42,42,44,290,20,20,20,25,30,30,30,35,35,30,30,35,35,35,40,40,40,45,45,50,50,55,55,55,55,55,55,270,"","","","","","","","","","","","F","","","",NA,276
3,1,8,"28065"," - Mx 1553#46","46",0,0,0,0,0,1,1,1,1,1,2,2,2,2,2,2,3,4,4,5,5,5,6,9,10,11,11,11,13,16,18,17,19,19,305,15,15,15,15,15,20,20,20,25,25,35,30,30,35,35,40,40,45,45,45,45,45,45,45,45,45,45,242,"","","","","","","","","","","","","A","","F",286,298
1,3,1,"27803"," - Mx 1553#47","47",0,0,5,3,6,7,7,9,9,11,10,9,12,16,24,35,43,47,54,58,59,70,70,73,74,75,79,83,97,97,104,106,106,106,297,20,20,30,30,30,30,30,30,35,35,40,45,50,45,50,50,55,55,55,55,55,55,60,60,60,60,60,276,"","","","","","A","","F","","","","","","","",234,248
2,5,1,"27907"," - Mx 1553#47","47",3,3,4,5,4,7,8,10,10,10,10,12,15,15,20,20,23,24,31,35,43,52,57,60,70,73,72,70,77,81,88,88,84,88,290,15,20,25,20,25,25,35,35,40,40,45,50,50,50,60,60,65,60,65,65,60,60,60,60,60,60,65,234,"","","","A","F","","","","","","","","","","",220,227
3,3,9,"28076"," - Mx 1553#47","47",1,1,3,2,3,8,9,8,6,9,12,13,17,19,21,14,22,26,33,36,38,44,47,48,50,61,61,74,94,95,95,99,99,99,297,10,10,15,15,15,15,20,20,20,20,30,30,30,40,40,40,45,45,50,50,50,55,55,55,55,55,55,270,"","","","","","","","","","A","","","","F","",264,291
1,1,10,"27878"," - Mx 1553#48","48",0,1,1,3,3,1,3,4,4,5,6,6,8,9,9,9,10,10,13,20,24,29,33,33,35,37,38,42,50,51,54,60,59,60,297,15,15,15,15,20,20,20,20,25,25,30,30,35,35,40,40,45,50,50,50,50,50,50,50,50,50,50,242,"","","","","","","","","","A","F","","","","",264,272
3,2,6,"28050"," - Mx 1553#48","48",0,0,0,0,0,1,1,3,4,5,6,6,6,6,8,9,14,15,17,18,21,24,25,27,25,28,32,32,36,39,38,40,39,40,297,NA,5,5,10,15,10,15,15,15,20,20,20,20,25,25,25,25,30,30,30,30,35,35,35,35,35,35,270,"","","","","","","","","","","","","","A","",291,NA
1,9,8,"27869"," - Mx 1553#49","49",0,1,1,3,6,9,9,10,11,12,13,15,16,16,18,20,24,27,32,38,41,45,47,51,59,59,61,70,71,78,78,78,80,80,305,20,25,30,30,25,25,30,35,30,35,35,40,40,40,50,50,50,55,60,65,65,65,70,70,70,70,70,276,"","","","","","","","","","","A","F","","","",272,276
2,3,10,"27983"," - Mx 1553#49","49",0,2,3,5,1,2,2,3,6,6,7,7,10,10,10,12,13,14,16,16,17,20,21,23,24,24,25,36,36,39,43,42,45,45,305,15,20,20,20,20,25,25,30,30,30,35,35,35,40,40,40,40,40,40,40,40,40,45,45,45,45,45,276,"","","","","","","","","","","","","","","",NA,NA
3,6,5,"28045"," - Mx 1553#49","49",0,0,1,1,2,7,5,10,9,11,11,11,11,13,13,15,19,19,23,24,26,27,29,28,30,37,37,39,48,51,52,52,54,54,305,10,10,10,15,15,15,20,20,25,20,30,30,30,30,30,30,35,40,40,40,40,45,45,45,45,45,45,270,"","","","","","","","","","","","A","","","",276,NA
1,9,1,"27809"," - Mx 1553#50","50",0,0,0,0,0,0,1,1,1,0,0,0,2,1,1,1,1,1,3,3,3,3,3,3,3,3,4,5,6,6,5,5,7,7,305,NA,0,NA,0,0,5,5,10,10,10,5,10,10,10,0,10,10,10,10,10,10,15,15,15,15,15,15,270,"","","","","","","","","","","","","","","",NA,NA
2,4,6,"27951"," - Mx 1553#50","50",0,0,6,5,4,6,8,8,8,8,8,9,8,8,9,17,22,24,29,29,36,39,43,45,51,51,58,62,69,76,81,79,75,81,290,15,20,25,25,20,25,30,30,30,30,30,30,35,35,35,35,35,35,35,35,35,35,35,35,35,35,35,206,"","","","","","","","","","","","","","","",NA,NA
3,5,12,"28105"," - Mx 1553#50","50",0,0,0,3,5,7,7,7,6,7,7,7,8,8,8,11,17,18,19,19,22,23,25,24,38,46,53,54,58,58,61,60,60,61,290,10,15,15,15,20,20,25,30,30,25,30,30,30,30,30,30,30,30,30,30,30,35,35,30,30,30,35,270,"","","","","","","","","","","","","A","","",286,NA
1,5,6,"27847"," - Mx 1553#51","51",0,0,3,3,4,4,6,6,12,12,13,13,17,17,19,22,19,26,26,27,29,33,39,40,43,42,42,44,47,46,42,46,42,47,276,15,20,20,20,20,20,25,25,25,25,25,25,25,25,25,25,25,25,25,20,20,20,25,25,25,25,25,164,"","","","","","","","","","","","","","","",NA,NA
2,5,7,"27960"," - Mx 1553#51","51",0,0,0,0,2,5,3,5,5,5,5,5,6,6,6,8,15,20,19,23,26,28,30,30,35,38,40,42,49,49,52,50,50,52,290,10,10,5,10,15,15,20,15,15,15,15,20,20,20,25,25,25,25,30,30,30,30,30,30,30,30,30,248,"","","","","","","","","","","","","","A","",291,NA
3,1,7,"28056"," - Mx 1553#51","51",2,5,10,9,9,9,8,6,8,9,14,15,17,20,20,23,30,34,6,41,43,45,47,48,48,52,54,56,58,58,57,58,56,58,276,10,15,15,15,15,20,25,25,25,25,30,30,30,35,35,35,35,40,40,40,40,40,40,40,35,35,40,242,"","","","","","","","","","","","","","","",NA,NA
1,8,6,"27850"," - Mx 1553#53","53",1,5,8,7,7,11,13,15,17,17,19,22,20,24,25,28,30,29,25,38,43,53,61,65,69,72,75,80,82,98,110,104,105,110,290,20,20,20,25,25,30,35,35,35,35,40,50,50,55,60,60,60,60,55,50,50,50,50,50,50,50,60,220,"","","","A","","F","","","","","","","","","",220,234
2,7,2,"27918"," - Mx 1553#53","53",3,3,6,7,2,4,4,5,3,5,3,3,5,6,7,10,9,11,11,15,19,22,24,25,30,33,32,34,33,36,39,36,34,39,290,10,10,10,15,15,15,20,25,30,30,40,40,40,45,45,45,50,50,50,50,50,50,50,45,45,45,50,234,"","","","","A","","","","F","","","","","","",227,256
3,6,10,"28088"," - Mx 1553#53","53",0,0,5,7,7,13,11,11,14,13,15,15,20,21,25,28,27,34,37,42,49,53,56,59,63,68,68,70,81,87,89,89,88,89,290,20,25,25,30,30,25,40,40,45,40,50,50,55,55,65,70,65,65,60,60,60,60,60,60,55,55,70,227,"","","","","A","","","F","","","","","","","",227,248
1,2,2,"27811"," - Mx 1553#55","55",0,1,3,2,4,5,5,4,4,4,4,4,4,4,4,5,6,6,6,7,7,8,9,8,9,10,12,12,12,15,16,15,13,16,290,20,25,25,25,25,25,30,30,35,30,30,35,40,40,40,40,45,45,45,45,45,40,30,30,30,30,45,234,"","","","","","A","","","F","","","","","","",234,256
2,1,4,"27930"," - Mx 1553#55","55",0,0,4,3,4,5,6,6,6,6,6,6,7,8,9,13,17,20,26,25,28,29,30,32,34,37,41,41,48,54,58,56,56,58,290,30,30,35,35,40,40,45,45,45,45,50,50,55,60,65,65,65,65,65,60,60,60,60,55,55,55,65,220,"","","","","A","","F","","","","","","","","",227,242
3,2,11,"28093"," - Mx 1553#55","55",0,0,0,3,3,3,2,2,2,3,4,5,5,5,5,5,5,6,8,10,11,13,15,16,20,23,26,35,42,42,44,43,45,45,305,15,15,20,25,25,25,30,30,30,30,35,35,40,50,50,50,50,55,50,50,50,50,50,50,50,50,55,242,"","","","A","","","","","F","","","","","","",220,256
1,9,10,"27886"," - Mx 1553#56","56",0,0,0,2,1,1,1,1,1,1,2,2,2,2,2,3,3,3,3,3,3,3,4,6,8,8,9,9,12,14,13,13,14,14,283,NA,5,5,5,10,15,20,20,25,25,30,35,35,35,35,40,40,40,45,50,50,50,50,50,50,50,50,256,"","","","","","","","","","A","","F","","","",264,276
2,1,6,"27948"," - Mx 1553#56","56",0,0,0,0,0,0,0,3,3,3,4,5,6,6,6,6,6,6,6,7,7,7,7,8,10,10,11,13,13,14,14,15,15,15,297,NA,10,10,10,15,15,20,20,25,25,20,20,25,25,25,25,25,30,30,30,30,35,35,35,35,35,35,270,"","","","","","","","","","A","","F","","","",264,276
3,1,9,"28074"," - Mx 1553#56","56",1,1,2,1,2,2,2,2,3,4,5,5,6,6,6,10,10,10,12,12,13,13,14,15,16,18,20,23,29,29,30,30,30,30,290,25,30,35,40,40,45,45,45,50,50,55,50,55,55,55,60,60,65,65,65,65,65,65,65,65,65,65,242,"","","","","","","","A","F","","","","","","",248,256
1,5,3,"27823"," - Mx 1553#57","57",0,0,4,2,3,4,5,5,5,7,7,10,14,14,15,16,16,20,21,21,21,23,24,25,25,26,25,29,31,32,34,33,33,34,290,20,20,25,20,20,25,30,25,30,25,30,30,35,35,40,40,40,40,40,40,40,40,40,40,40,40,40,220,"","","","","","","F","","","","","","","","",NA,242
2,8,8,"27971"," - Mx 1553#57","57",1,1,0,1,2,6,6,7,7,7,7,7,8,9,8,13,13,14,16,16,18,20,20,21,24,26,27,34,40,40,41,41,41,41,290,10,15,20,20,20,25,30,25,30,30,35,30,35,35,40,40,40,40,40,40,40,40,40,40,40,40,40,220,"","","","","","","A","","","F","","","","","",242,264
3,2,4,"28033"," - Mx 1553#57","57",0,1,1,3,3,4,4,3,4,7,8,8,9,11,12,15,19,19,19,19,18,18,19,20,20,19,21,20,23,23,21,23,23,23,276,5,10,10,15,15,15,20,15,15,15,15,15,15,20,20,20,25,30,30,35,35,35,35,35,35,35,35,256,"","","","A","F","","","","","","","","","","",220,227
1,6,10,"27883"," - Mx 1553#59","59",0,1,1,1,1,2,2,5,5,6,6,6,6,6,8,9,10,12,13,15,16,17,18,21,22,22,25,26,33,37,38,41,39,41,297,10,15,15,15,20,15,15,15,15,15,15,15,20,20,25,25,25,25,25,25,25,25,25,25,25,25,25,220,"","","","","","","","","","","A","","","","",272,NA
3,5,3,"28027"," - Mx 1553#59","59",0,0,0,4,6,8,9,14,14,14,14,17,19,19,23,26,29,29,35,36,39,40,43,46,52,54,59,60,71,74,74,74,77,77,305,15,15,15,15,15,20,20,30,30,30,35,40,35,35,40,40,40,40,40,40,40,40,40,40,40,40,40,200,"","","","","","","","","","","","A","","","",276,NA
1,5,12,"27898"," - Mx 1553#60","60",9,11,16,12,8,16,16,19,19,18,21,25,29,35,38,43,49,53,60,62,64,72,80,78,90,93,102,105,119,122,121,120,124,124,305,10,15,15,20,20,20,25,25,25,25,30,30,35,35,35,40,40,40,40,45,50,50,45,45,45,45,50,264,"","","","","","","","","A","","","","","","",256,NA
2,1,3,"27921"," - Mx 1553#60","60",7,8,14,14,13,19,19,20,21,24,28,27,33,34,34,39,41,48,57,65,70,70,79,84,89,87,92,93,94,118,117,112,114,118,283,15,15,20,25,25,25,30,30,30,30,30,35,40,40,40,40,45,45,45,45,45,45,45,45,45,45,45,234,"","","","","","","A","","F","","","","","","",242,256
3,9,4,"28039"," - Mx 1553#60","60",3,3,10,9,7,12,16,22,25,25,34,34,34,35,36,37,40,46,48,52,56,59,68,66,73,82,87,89,96,120,115,125,117,125,297,15,15,20,20,25,25,30,30,35,35,40,40,40,40,45,45,45,45,45,45,50,50,50,50,50,50,50,264,"","","","","","","","","","F","","","","","",NA,264
1,4,3,"27822"," - Mx 1553#61","61",0,0,1,3,4,4,4,4,4,4,4,4,5,8,11,13,14,15,16,19,23,23,25,27,27,27,28,29,38,39,48,47,46,48,290,15,20,25,25,25,30,30,35,40,40,40,40,45,45,45,45,45,45,45,45,45,45,45,45,45,45,45,206,"","","","","","","","",NA,"F","","","","","",NA,264
2,9,7,"27964"," - Mx 1553#61","61",0,0,0,0,0,0,4,4,8,7,8,7,7,7,6,6,6,6,6,7,7,8,8,8,11,11,11,13,13,12,12,12,12,13,264,NA,NA,5,5,5,5,5,5,10,10,10,10,10,10,10,10,10,10,10,10,10,10,10,10,10,10,10,178,"","","","","","","","","","","","","","","",NA,NA
3,6,11,"28097"," - Mx 1553#61","61",1,1,1,2,3,6,7,7,7,7,7,7,8,11,17,19,20,21,22,22,24,28,30,31,33,34,37,36,47,47,48,47,49,49,305,10,15,20,20,20,25,30,35,35,30,40,40,40,40,45,45,45,45,50,50,50,50,50,45,45,45,50,248,"","","","","","","","","A","","","F","","","",256,276
1,9,6,"27851"," - Mx 1553#63","63",0,0,1,1,2,3,3,7,7,7,7,7,8,10,13,16,20,23,25,25,29,34,36,38,46,47,52,57,67,79,94,86,85,94,290,15,15,15,20,20,20,25,25,30,25,30,30,30,30,35,40,40,45,40,45,45,45,45,45,40,40,45,242,"","","","","","","A","","F","","","","","","",242,256
2,9,5,"27947"," - Mx 1553#63","63",1,2,5,3,3,3,2,3,3,3,7,9,9,14,14,17,19,20,21,21,23,23,23,24,24,24,26,27,35,39,44,44,44,44,290,15,25,25,30,35,35,40,35,45,40,45,45,45,50,50,50,50,50,60,60,60,60,60,55,55,55,60,248,"","","","","","","A","F","","","","","","","",242,248
3,6,9,"28079"," - Mx 1553#63","63",0,0,3,7,7,9,10,11,12,13,13,13,15,21,27,30,46,48,49,54,55,58,62,63,65,70,76,83,114,118,120,125,130,130,305,20,25,25,25,30,30,35,40,45,40,45,50,50,55,55,60,60,50,55,55,55,55,55,55,55,55,60,227,"","","","","","","A","F","","","","","","","",242,248
1,3,3,"27821"," - Mx 1553#66","66",0,1,2,2,5,4,3,1,1,1,4,4,5,5,5,6,7,7,8,8,8,10,10,10,11,11,13,14,22,23,26,26,23,26,290,NA,5,5,10,10,10,15,15,15,15,20,20,25,25,30,30,30,30,30,35,35,35,35,35,35,35,35,256,"","","","","","","","","","","","","","","",NA,NA
3,8,10,"28090"," - Mx 1553#66","66",0,0,0,0,0,0,0,0,1,1,1,1,1,1,2,4,4,4,4,4,4,4,4,4,4,4,4,4,5,5,5,6,6,6,297,NA,5,5,5,5,10,15,15,20,20,25,25,25,25,25,25,25,25,30,30,30,30,30,30,30,30,30,248,"","","","","","","","","","","","","","A","",291,NA
1,5,4,"27830"," - Mx 1553#67","67",0,0,0,3,4,5,5,6,7,7,6,8,8,11,13,14,16,18,20,21,23,23,23,23,23,23,23,22,29,29,27,29,26,29,276,15,15,15,20,20,20,20,20,20,20,25,25,25,30,30,30,35,35,35,35,40,40,40,40,40,40,40,264,"","","","","","","","","","","","","","","",NA,NA
3,9,8,"28073"," - Mx 1553#67","67",0,0,1,2,2,3,2,4,4,4,5,6,11,12,14,14,17,20,19,21,21,21,23,23,23,25,25,25,35,36,33,37,36,37,297,20,20,20,25,25,25,30,30,35,35,40,40,40,40,40,45,45,45,45,50,50,50,50,50,50,50,50,256,"","","","","","","","","","","","","","","",NA,NA
1,7,6,"27849"," - Mx 1553#68","68",0,0,0,0,0,7,8,8,8,7,8,9,12,14,15,17,20,22,22,22,23,24,24,25,26,28,26,27,28,28,28,29,27,29,297,5,5,10,15,15,15,25,20,20,20,20,20,20,20,25,25,25,25,30,30,30,30,30,30,25,25,30,248,"","","","","","","","","","","","A","F","","",276,286
2,1,9,"27973"," - Mx 1553#68","68",1,1,2,5,3,4,5,4,6,7,7,10,15,15,15,15,15,18,18,20,21,23,23,22,22,23,24,23,29,30,30,29,29,30,283,15,20,20,20,20,20,30,30,30,30,30,35,35,40,40,45,50,50,50,50,50,50,50,50,50,50,50,234,"","","","","","","A","","F","","","","","","",242,256
3,1,12,"28101"," - Mx 1553#68","68",0,0,0,0,2,2,2,2,2,2,3,4,4,4,4,4,4,4,4,4,5,6,6,6,8,8,8,9,9,9,9,9,9,9,264,15,15,20,20,15,25,25,25,25,30,35,30,30,35,35,40,35,35,35,35,30,30,30,30,30,30,40,227,"","","","","A","","","","F","","","","","","",227,256
1,7,8,"27867"," - Mx 1553#69","69",1,1,1,1,1,1,2,2,4,5,5,5,5,6,6,9,10,10,11,11,19,23,26,26,34,39,43,48,71,79,77,77,78,79,283,15,20,25,30,30,25,30,30,35,35,35,35,40,40,45,45,50,50,50,55,55,55,55,55,55,55,55,256,"","","","","","","A","","F","","","","","","",242,256
2,8,11,"27995"," - Mx 1553#69","69",1,1,4,2,3,4,4,3,4,4,4,4,6,7,8,11,12,15,18,21,23,26,29,38,42,46,49,54,69,70,70,72,72,72,297,10,15,15,15,15,20,25,30,30,25,30,30,35,40,40,40,40,40,40,45,45,45,45,45,45,45,45,256,"","","","","","","","","A","","F","","","","",256,272
3,7,5,"28046"," - Mx 1553#69","69",0,0,2,3,5,11,9,12,12,13,12,13,14,18,23,28,36,38,39,43,47,50,52,53,57,63,71,78,86,110,107,108,114,114,305,15,20,20,25,25,30,35,40,45,40,45,40,45,50,45,45,45,45,50,50,50,50,50,50,50,50,50,213,"","","","","","","","",NA,"","","","","","",NA,NA
1,8,5,"27842"," - Mx 1553#70","70",2,2,4,4,4,3,1,1,1,2,4,5,6,7,7,8,8,8,12,12,13,15,19,18,21,25,27,31,35,45,46,49,50,50,305,25,30,30,10,10,10,20,15,20,20,20,25,25,30,35,40,45,45,45,50,50,50,50,50,50,50,50,256,"","","","F","A","","","","F","","","","","","",227,220
2,1,7,"27956"," - Mx 1553#70","70",1,2,3,2,2,2,3,3,5,5,11,10,10,12,12,14,17,16,19,24,24,23,25,28,30,30,34,34,38,41,43,46,47,47,305,5,10,15,15,20,15,25,30,25,25,25,30,30,35,35,35,40,40,40,40,40,40,40,40,40,40,40,234,"","","","","","","A","","F","","","","","","",242,256
3,2,10,"28084"," - Mx 1553#70","70",2,3,7,7,10,10,10,10,9,10,12,15,17,20,24,29,33,35,32,36,41,43,46,46,52,52,56,64,84,86,89,91,92,92,305,25,30,30,40,40,40,45,45,50,50,50,50,50,55,60,60,60,65,65,65,65,65,65,65,60,60,65,242,"","","","A","","","","","F","","","","","","",220,256
1,3,7,"27854"," - Mx 1553#71","71",0,0,0,0,0,0,1,1,1,1,1,1,1,1,1,2,3,4,4,5,6,6,6,6,6,6,6,9,9,9,11,10,9,11,290,5,10,15,15,15,20,20,20,25,25,30,30,35,35,35,40,40,40,40,40,35,35,35,35,35,35,40,227,"","","","","","","","","","A","F","","","","",264,272
2,9,2,"27920"," - Mx 1553#71","71",0,0,2,1,1,1,1,2,4,4,3,3,3,3,3,3,3,6,7,8,8,9,9,9,10,10,14,13,15,16,17,17,18,18,305,15,10,15,15,15,15,25,30,25,25,30,25,25,25,25,30,30,30,30,35,35,35,35,30,30,30,35,256,"","","","","","","A","","F","","","","","","",242,256
3,8,4,"28038"," - Mx 1553#71","71",0,0,0,1,2,2,6,5,5,5,5,5,7,8,8,12,15,18,18,19,23,26,28,33,37,41,47,52,77,88,86,89,90,90,305,15,15,15,15,15,20,20,25,25,25,25,30,30,30,35,40,40,40,45,45,45,45,50,50,50,50,50,276,"","","","","","","","","","","A","F","","","",272,276
1,8,10,"27885"," - Mx 1553#72","72",0,0,0,0,1,1,2,2,2,2,2,2,2,2,2,6,6,7,7,7,8,9,10,11,14,16,17,19,33,34,34,34,34,34,283,10,10,15,15,15,15,20,20,20,25,25,25,25,30,30,30,30,30,35,35,40,40,40,40,40,40,40,264,"","","","","","","","","A","","F","","","","",256,272
2,4,9,"27976"," - Mx 1553#72","72",0,1,1,0,0,0,0,3,3,3,4,4,4,5,5,5,5,7,10,11,17,21,21,22,24,24,25,29,36,41,44,48,48,48,297,10,15,15,15,20,20,25,25,25,25,30,30,30,40,40,45,45,45,45,45,45,45,45,45,45,45,45,227,"","","","","","","","","","A","F","","","","",264,272
3,8,1,"28013"," - Mx 1553#72","72",1,1,3,4,5,7,6,10,11,13,16,16,15,17,19,20,25,25,25,29,31,34,42,46,46,54,55,57,59,71,70,68,69,71,283,25,25,25,30,25,25,30,30,35,40,40,40,40,40,45,50,50,50,55,55,55,55,55,55,55,55,55,248,"","","","","","","","","F","","","","","","",NA,256
1,3,10,"27880"," - Mx 1553#73","73",0,0,1,1,2,1,2,2,2,3,3,4,6,7,8,10,11,14,14,14,15,17,20,20,24,27,29,30,46,40,47,47,54,54,305,20,20,25,25,25,30,30,30,30,35,35,35,40,40,45,50,50,50,50,50,45,50,50,50,45,45,50,227,"","","","","A","","","F","","","","","","","",227,248
2,8,7,"27963"," - Mx 1553#73","73",0,1,3,0,1,0,1,2,2,2,2,2,3,4,5,7,9,9,9,10,11,11,11,11,11,12,16,17,45,45,45,45,45,45,276,15,15,15,20,20,20,30,25,30,25,35,35,30,35,40,40,40,45,45,50,50,50,50,50,50,50,50,256,"","","","","","","","","A","F","","","","","",256,264
3,1,5,"28040"," - Mx 1553#73","73",0,1,2,4,8,9,9,9,9,9,9,9,9,9,10,16,23,26,27,30,30,31,31,31,31,31,31,31,44,44,45,47,47,47,297,15,15,15,15,25,25,25,25,35,35,40,35,40,40,40,40,45,45,45,45,45,45,45,45,45,45,45,234,"","","","","","","A","","F","","","","","","",242,256
1,1,12,"27895"," - Mx 1553#74","74",0,0,0,1,2,1,2,3,2,2,3,5,6,6,6,11,12,16,21,25,28,30,34,33,38,39,41,45,52,49,52,59,54,59,297,5,5,10,10,15,15,15,20,25,25,25,30,35,35,40,40,45,45,50,55,60,60,55,55,50,50,60,264,"","","","","","A","","","","F","","","","","",234,264
2,6,3,"27926"," - Mx 1553#74","74",0,0,0,0,0,1,2,2,3,4,4,4,5,4,5,9,10,12,13,13,14,17,17,19,19,23,23,27,34,35,36,34,36,36,290,15,20,20,20,25,25,35,35,35,35,35,35,40,40,40,45,45,45,50,55,55,55,50,50,50,50,55,256,"","","","","A","","","","","F","","","","","",227,264
3,6,7,"28061"," - Mx 1553#74","74",0,0,1,1,2,2,2,2,4,5,6,5,6,6,9,8,8,10,10,10,10,11,13,13,18,20,21,21,24,26,27,26,26,27,290,10,10,10,15,15,10,25,30,30,30,35,35,35,35,40,40,40,35,40,40,40,40,40,40,40,40,40,220,"","","","","","","A","","","F","","","","","",242,264
1,4,2,"27813"," - Mx 1553#75","75",0,1,1,1,2,2,2,2,2,1,2,2,2,3,3,4,6,6,6,7,8,9,11,11,16,16,16,17,18,18,18,17,20,20,305,15,15,20,25,25,30,30,25,30,30,30,30,30,35,35,35,35,35,35,35,36,35,35,35,35,35,36,264,"","","","","","","","","","A","","F","","","",264,276
2,3,6,"27950"," - Mx 1553#75","75",0,0,0,0,0,0,1,1,1,1,2,2,4,4,4,4,4,4,5,5,6,11,12,15,16,16,20,23,25,27,33,35,36,36,305,5,5,5,5,5,10,10,10,15,15,15,20,20,25,25,25,25,30,30,30,35,35,35,35,35,35,35,264,"","","","","","","","","","","","A","","F","",276,291
3,4,11,"28095"," - Mx 1553#75","75",0,0,1,1,1,0,0,1,2,3,5,5,5,5,5,5,5,5,5,5,5,5,6,9,10,9,12,14,15,17,16,16,16,17,283,NA,5,10,10,10,10,20,20,20,20,25,25,25,30,35,35,35,35,35,40,40,40,40,40,40,40,40,256,"","","","","","","","","","","","A","","","",276,NA
1,7,1,"27807"," - Mx 1553#76","76",2,2,3,2,2,2,4,8,9,9,9,8,9,10,10,14,16,17,17,17,21,21,24,27,31,30,32,34,34,34,32,30,30,34,264,15,20,20,25,25,25,30,30,30,30,30,35,40,40,40,45,45,50,50,45,45,45,40,40,40,35,50,242,"","","","","","A","","","F","","","","","","",234,256
2,8,6,"27955"," - Mx 1553#76","76",0,1,2,2,3,3,5,5,5,6,6,8,8,10,10,11,11,15,16,17,20,23,24,22,23,21,23,24,25,25,25,25,25,25,276,15,20,20,30,30,25,35,35,35,30,35,35,35,35,35,35,35,40,40,40,40,40,35,35,35,30,40,242,"","","A","","","F","","","","","","","","","",213,234
3,7,7,"28062"," - Mx 1553#76","76",0,0,0,1,2,1,2,2,2,2,2,2,5,6,7,8,11,11,12,12,15,16,16,16,16,16,18,18,23,23,23,27,26,27,297,20,25,30,35,35,35,45,50,50,50,55,55,55,55,60,60,60,60,65,65,65,60,60,60,60,60,65,248,"","","","","A","","","F","","","","","","","",227,248
1,2,9,"27871"," - Mx 1553#77","77",0,2,5,8,13,11,10,14,14,15,18,19,19,20,24,29,40,42,45,48,51,55,55,56,57,59,60,61,83,79,83,89,91,91,305,20,20,25,25,25,25,25,25,30,30,35,35,40,40,45,45,50,50,50,50,50,50,50,50,50,50,50,234,"","","","","A","","","F","","","","","","","",227,248
2,4,1,"27906"," - Mx 1553#77","77",0,0,1,2,3,6,6,6,6,6,7,7,10,12,13,17,23,31,30,31,36,39,43,45,47,51,51,54,59,67,65,65,64,67,283,20,25,30,30,30,30,35,35,40,40,45,45,55,55,60,65,65,70,70,70,70,70,70,70,70,70,70,242,"","","","A","F","","","","","","","","","","",220,227
3,5,9,"28078"," - Mx 1553#77","77",1,3,4,3,6,5,8,8,7,7,7,7,14,15,17,19,22,23,25,31,36,39,43,46,48,47,56,57,93,82,82,77,83,93,276,20,25,25,30,30,30,35,35,35,40,45,45,50,55,55,60,60,65,65,70,70,70,70,70,70,70,70,256,"","","","A","","","F","","","","","","","","",220,242
1,6,6,"27848"," - Mx 1553#78","78",0,0,0,0,1,3,4,5,5,5,5,5,5,5,5,5,5,7,10,13,13,14,15,16,16,16,16,17,19,20,18,18,17,20,283,10,15,15,10,15,15,15,20,20,20,20,20,20,20,20,20,20,20,20,20,20,20,20,20,20,20,20,171,"","","","","","","","","","","","","","","",NA,NA
2,1,10,"27981"," - Mx 1553#78","78",0,0,0,0,0,0,0,0,1,1,1,1,1,1,2,2,2,2,2,2,2,2,2,2,1,1,1,1,1,2,1,2,2,2,171,NA,NA,5,5,5,5,10,5,5,5,5,5,10,10,10,10,10,15,15,15,15,15,15,15,15,15,15,242,"","","","","","","","","","","","","","","",NA,NA
1,1,8,"27861"," - Mx 1553#79","79",0,0,0,1,1,2,2,2,2,3,3,3,4,4,4,4,5,5,5,5,6,7,8,8,9,10,11,12,16,16,22,18,20,22,290,15,15,20,20,20,20,15,25,25,25,25,40,40,35,35,35,40,40,40,40,40,45,45,45,45,45,45,270,"","","","","A","","F","","","","","","","","",227,242
2,4,8,"27968"," - Mx 1553#79","79",1,3,3,2,3,3,8,10,12,10,11,10,14,17,18,22,25,25,25,25,25,26,27,27,29,29,29,30,34,35,39,33,33,39,290,10,10,15,15,20,20,25,30,30,30,40,40,45,45,45,45,45,45,45,50,45,45,45,45,45,45,50,256,"","","","","A","","F","","","","","","","","",227,242
3,1,6,"28049"," - Mx 1553#79","79",0,0,3,1,1,1,1,2,2,3,5,7,6,6,7,7,7,10,10,10,13,15,16,13,17,16,18,18,24,24,26,28,26,28,297,5,10,15,15,20,15,25,25,25,25,35,35,35,40,45,45,45,45,45,45,45,45,45,45,45,45,45,220,"","","","","","","","","A","","","F","","","",256,276
1,4,8,"27864"," - Mx 1553#80","80",7,8,10,12,12,5,8,11,12,13,16,19,24,27,31,34,39,42,40,52,62,68,70,76,80,83,87,94,97,106,106,107,106,107,297,15,15,20,25,25,20,20,25,25,25,30,30,35,35,40,40,40,40,40,40,40,40,40,40,40,40,40,220,"","","A","","F","","","","","","","","","","",213,227
2,7,3,"27927"," - Mx 1553#80","80",0,0,1,3,2,3,3,3,3,4,4,4,4,4,6,7,11,12,15,16,18,19,19,20,22,25,26,27,32,32,37,37,37,37,290,15,20,20,20,20,20,30,25,25,25,30,30,30,35,35,30,30,25,25,25,25,25,25,25,25,25,35,213,"","A","","F","","","","","","","","","","","",206,220
3,3,11,"28094"," - Mx 1553#80","80",0,0,0,0,0,1,1,1,1,1,2,2,3,3,4,4,4,4,4,5,8,9,10,10,13,13,17,17,27,28,28,28,27,28,283,15,15,20,15,15,15,20,20,25,20,30,30,30,30,30,30,30,35,35,35,35,35,35,30,30,35,35,242,"","","","","A","","F","","","","","","","","",227,242
1,7,10,"27884"," - Mx 1553#81","81",0,0,0,1,1,2,2,2,2,1,1,1,1,3,3,5,6,6,6,9,9,8,9,10,11,12,12,12,11,12,12,12,12,12,248,15,15,10,10,15,15,20,20,20,20,25,20,20,25,30,30,25,20,20,20,20,20,20,20,15,15,30,220,"","","","A","","","F","","","","","","","","",220,242
2,8,9,"27979"," - Mx 1553#81","81",2,4,4,3,1,2,1,1,1,1,2,3,5,4,4,7,7,9,9,10,15,18,20,20,23,24,25,23,27,27,27,27,27,27,276,NA,NA,5,5,5,10,15,15,20,20,25,25,25,25,25,30,30,30,30,35,30,30,30,30,30,30,35,256,"","","","","","","A","","","F","","","","","",242,264
3,5,7,"28060"," - Mx 1553#81","81",0,0,1,2,2,3,3,3,4,5,6,5,5,5,8,8,9,10,10,11,12,12,12,12,11,12,11,12,12,14,13,14,14,14,283,20,20,25,30,30,35,40,40,40,40,40,35,35,40,40,35,35,35,30,30,35,35,30,25,25,25,40,164,"","A","","F","","","","","","","","","","","",206,220
1,6,12,"27899"," - Mx 1553#82","82",0,0,1,0,2,1,2,5,4,4,5,6,5,7,8,8,13,15,20,24,27,29,35,36,54,57,65,72,87,98,110,114,119,119,305,20,20,15,20,20,20,25,25,30,30,30,30,35,35,40,50,50,50,50,50,55,60,60,65,65,65,65,283,"","","","","","","","","","","","","A","","",286,NA
2,6,7,"27961"," - Mx 1553#82","82",3,0,6,7,4,8,9,9,10,10,14,19,18,24,35,37,42,43,49,53,59,63,69,74,83,83,95,110,129,155,153,158,159,159,305,20,25,30,35,35,30,35,35,40,35,40,40,45,45,50,50,50,55,55,60,60,65,65,65,65,65,65,270,"","","","","","","","","","A","","","","","",264,NA
3,9,12,"28108"," - Mx 1553#82","82",0,0,2,3,3,3,3,4,3,6,6,7,10,15,17,20,22,22,24,31,36,45,55,68,77,82,92,98,109,118,124,127,125,127,297,20,25,30,35,40,40,45,45,50,50,50,50,50,55,55,60,65,70,75,75,80,80,75,75,75,75,80,264,"","","","","","","","A","","F","","","","","",248,264
1,5,11,"27890"," - Mx 1553#84","84",0,0,0,0,1,1,1,1,1,1,2,2,2,3,4,5,8,8,7,8,8,7,8,8,8,11,11,12,14,14,14,18,18,18,297,10,15,15,15,15,15,20,20,20,20,20,20,25,25,30,30,35,35,40,40,40,40,40,40,40,40,40,248,"","","","","","","","","","A","","F","","","",264,276
2,4,2,"27915"," - Mx 1553#84","84",0,0,0,0,1,1,1,1,2,2,2,3,3,3,3,4,11,13,13,13,13,15,15,15,15,15,15,16,16,16,16,16,16,16,264,15,20,20,20,20,20,30,30,30,30,35,35,35,35,35,35,40,40,40,45,45,45,40,40,40,40,45,256,"","","","","A","","","F","","","","","","","",227,248
3,8,8,"28072"," - Mx 1553#84","84",1,1,1,1,1,1,1,1,1,1,1,2,5,5,5,7,8,10,10,13,13,13,14,14,14,14,14,14,14,14,14,15,15,15,297,15,15,20,25,25,25,30,30,35,35,35,30,30,35,40,40,40,40,40,40,40,40,40,40,40,40,40,220,"","","","","","","","","A","","","F","","","",256,276
2,5,11,"ABR 15 FS B2-R5 C11"," - Mx 1553#85","85",0,0,0,0,0,1,2,2,2,2,2,3,3,4,4,4,3,3,3,6,8,10,10,10,14,15,16,18,25,25,28,27,26,28,290,NA,NA,5,5,5,5,10,10,10,15,15,20,20,20,25,30,30,35,35,35,35,35,35,35,35,35,35,242,"","","","","","","","","","","","","","","",NA,NA
1,4,7,"27855"," - Mx 1553#86","86",0,0,0,1,3,4,5,5,5,5,5,5,6,5,5,8,10,13,17,17,17,17,17,18,18,18,18,20,28,28,29,27,29,29,290,15,20,20,20,25,25,25,25,25,25,25,25,25,25,25,30,30,30,30,30,30,30,35,35,35,35,35,276,"","","","","","","A","","","F","","","","","",242,264
2,2,12,"27998"," - Mx 1553#86","86",0,0,4,4,5,5,5,7,7,6,7,7,9,10,14,20,28,29,30,30,36,38,39,45,41,45,49,51,67,67,81,85,85,85,297,20,20,20,25,25,25,30,30,30,30,30,30,30,40,40,40,40,45,45,50,50,50,50,55,55,55,55,283,"","","","","","A","","","F","","","","","","",234,256
3,4,1,"28009"," - Mx 1553#86","86",0,0,0,2,3,2,2,2,2,2,2,2,3,3,3,3,6,8,7,7,8,8,8,8,8,9,9,10,12,13,14,14,14,14,290,15,15,15,20,15,15,20,25,25,25,30,25,25,25,25,30,30,35,30,35,40,40,40,40,40,40,40,264,"","","","","","","A","","","F","","","","","",242,264
1,9,11,"27894"," - Mx 1553#87","87",1,2,2,2,0,1,1,1,1,1,1,1,3,4,5,5,5,6,6,7,11,13,15,17,19,18,18,20,28,27,27,27,31,31,305,NA,15,15,15,20,25,30,30,25,25,30,30,30,40,50,55,55,55,55,50,50,55,55,55,55,55,55,227,"","","","","","","","","","","A","","","","",272,NA
2,6,12,"28002"," - Mx 1553#87","87",0,0,0,0,0,2,3,3,3,3,3,3,6,5,5,6,7,8,11,12,14,15,17,18,22,21,23,29,36,37,40,39,41,41,305,10,15,15,15,20,15,25,30,30,30,35,35,40,45,45,50,55,55,55,60,60,60,60,60,60,60,60,256,"","","","","","","","","","","","A","","","",276,NA
3,3,10,"28085"," - Mx 1553#87","87",0,0,0,0,0,4,4,4,4,4,4,4,4,4,5,7,12,12,12,12,15,15,14,16,16,16,21,23,25,28,32,28,28,32,290,15,15,20,20,20,30,35,35,35,40,40,45,50,55,55,55,55,55,60,60,60,65,65,65,60,60,65,270,"","","","","","","","","","","A","","","","",272,NA
1,5,5,"27839"," - Mx 1553#88","88",2,4,5,5,5,4,4,5,6,6,6,6,7,8,10,11,11,13,14,16,19,20,21,22,27,27,27,28,36,43,45,44,48,48,305,15,15,20,25,20,25,30,25,30,30,35,35,35,35,40,40,40,40,45,45,45,45,45,45,45,45,45,248,"","","","","A","","F","","","","","","","","",227,242
2,5,3,"27925"," - Mx 1553#88","88",1,2,5,7,8,7,7,9,9,10,12,13,16,17,20,23,29,31,40,40,42,45,45,43,47,48,52,52,68,66,67,67,66,68,276,25,25,25,25,25,25,30,30,30,30,30,35,35,40,45,45,45,50,50,50,50,50,50,50,50,50,50,242,"","","","","A","","","","","F","","","","","",227,264
3,8,11,"28099"," - Mx 1553#88","88",0,0,2,5,7,8,7,9,10,10,14,14,18,17,16,15,16,18,19,24,27,31,33,37,40,42,46,46,55,69,67,69,67,69,283,10,15,20,20,20,20,20,20,20,20,20,20,20,30,30,30,30,30,35,35,35,35,35,35,35,35,35,248,"","","","","","","","A","F","","","","","","",248,256
1,3,9,"27872"," - Mx 1553#89","89",0,0,0,0,2,4,4,5,5,6,7,7,8,10,11,13,14,15,17,21,22,26,28,33,35,33,38,39,50,50,59,60,64,64,305,10,15,15,15,20,15,20,20,25,25,25,30,35,35,35,40,40,40,40,40,40,40,40,40,40,40,40,227,"","","","","A","","","F","","","","","","","",227,248
2,2,2,"27913"," - Mx 1553#89","89",1,1,4,4,5,5,5,11,11,11,11,11,11,11,14,16,21,20,25,27,29,32,32,34,35,35,39,38,49,51,54,54,58,58,305,10,15,15,20,20,20,25,25,25,25,25,30,30,35,35,40,40,40,40,45,45,45,45,45,45,45,45,256,"","","A","","F","","","","","","","","","","",213,227
3,7,12,"28106"," - Mx 1553#89","89",0,0,0,0,1,2,3,3,3,3,3,4,4,4,4,5,7,9,10,10,11,11,14,15,15,17,19,22,28,32,31,32,32,32,283,25,25,30,30,20,25,30,35,40,35,50,50,50,50,50,50,50,55,60,65,65,60,60,60,60,60,65,256,"","","A","","","F","","","","","","","","","",213,234
1,4,6,"27846"," - Mx 1553#90","90",0,0,0,0,0,0,1,2,2,1,1,1,1,2,3,3,3,2,3,3,3,3,3,4,4,4,6,7,9,8,10,9,9,10,290,5,5,5,10,15,10,15,15,15,15,15,15,15,15,15,20,20,20,20,25,30,30,30,30,30,30,30,264,"","","","","","","","","","","","","","","",NA,NA
2,3,5,"27941"," - Mx 1553#90","90",0,0,0,0,0,1,1,2,3,3,3,3,3,4,4,4,5,7,8,9,9,9,10,10,10,10,10,10,11,11,11,12,12,12,297,10,15,15,15,15,15,20,15,20,20,20,20,20,20,20,20,20,25,25,25,25,25,25,25,25,25,25,242,"","","","","","","","","","","","A","","","",276,NA
3,4,5,"28043"," - Mx 1553#90","90",0,0,0,0,0,0,1,1,1,1,1,1,3,3,4,5,6,6,5,5,5,5,5,5,5,6,10,9,8,11,11,10,11,11,283,5,10,10,15,20,15,20,25,20,20,25,20,25,25,30,30,30,30,30,30,30,30,30,30,30,30,30,220,"","","","","","","","","","","","","","","",NA,NA
1,8,12,"27901"," - Mx 1553#91","91",0,0,1,2,2,1,1,2,3,3,3,4,4,4,5,7,8,9,10,11,12,13,13,16,19,21,24,25,37,44,43,45,45,45,297,NA,10,10,15,15,15,20,20,25,25,25,25,25,30,30,35,40,40,40,40,45,50,50,50,50,50,50,270,"","","","","","","","","","","","A","","","",276,NA
2,2,1,"27904"," - Mx 1553#91","91",0,1,3,3,3,3,3,3,3,3,3,3,3,3,3,4,4,4,9,11,11,13,14,13,14,15,17,18,27,34,34,34,34,34,283,15,15,20,20,20,25,25,25,30,30,30,30,30,40,40,40,45,45,45,45,45,45,45,45,45,45,45,234,"","","","","","","","","","A","F","","","","",264,272
3,1,2,"28015"," - Mx 1553#91","91",0,0,1,4,4,4,6,6,6,5,5,5,5,6,6,6,6,7,7,8,8,9,9,9,10,10,12,11,12,12,12,12,12,12,256,15,20,25,25,25,20,25,25,30,25,30,25,25,30,30,30,30,30,30,30,30,25,25,25,25,25,30,178,"","","","","","","","","","","","","","","",NA,NA
1,5,10,"27882"," - Mx 1553#92","92",0,2,4,9,11,11,12,9,9,10,9,11,20,25,29,35,32,40,41,48,50,56,62,69,73,76,83,83,103,116,118,120,123,123,305,10,15,15,20,20,15,25,25,25,30,30,30,30,40,40,45,45,45,50,50,55,55,55,55,50,50,55,264,"","","","","","","A","","","F","","","","","",242,264
2,3,11,"27992"," - Mx 1553#92","92",0,0,0,0,1,3,3,3,3,3,5,5,5,5,5,5,8,9,10,11,14,14,14,17,19,20,20,26,31,32,32,35,36,36,305,5,5,5,5,5,15,20,20,20,20,25,30,30,30,35,35,40,40,40,45,40,40,40,40,40,40,45,256,"","","","","","","","","A","","","F","","","",256,276
3,5,5,"28044"," - Mx 1553#92","92",0,0,0,0,1,1,3,3,3,3,3,3,4,4,4,4,5,5,6,10,11,12,12,14,14,15,21,22,30,32,34,34,37,37,305,5,15,20,20,20,25,30,35,35,35,35,35,35,40,45,45,45,45,45,45,45,45,40,40,40,40,45,220,"","","","","","","","","","","A","F","","","",272,276
1,8,8,"27868"," - Mx 1553#93","93",0,3,6,9,8,7,7,10,11,12,12,13,17,17,17,23,33,45,47,65,61,64,64,67,68,68,71,73,88,102,102,101,101,102,283,25,25,30,30,30,30,35,35,45,40,45,50,50,50,55,55,60,60,60,60,60,60,60,60,60,60,60,234,"","","","A","","F","","","","","","","","","",220,234
2,4,3,"27924"," - Mx 1553#93","93",0,0,2,4,5,8,11,11,13,13,13,13,14,22,32,36,41,43,44,44,51,56,59,63,63,61,64,67,70,69,73,73,75,75,305,15,20,20,20,25,25,35,35,45,35,40,45,50,50,55,55,55,55,55,60,60,60,60,55,55,55,60,256,"","","","A","","","F","","","","","","","","",220,242
3,2,8,"28066"," - Mx 1553#93","93",0,0,4,6,6,6,7,7,9,10,10,12,13,16,29,39,45,46,47,47,54,55,59,58,62,62,64,68,79,78,84,83,80,84,290,20,25,35,35,40,40,45,50,50,50,55,60,60,65,65,65,65,65,65,65,65,65,65,65,60,60,65,213,"","","A","","","F","","","","","","","","","",213,234
1,5,7,"27856"," - Mx 1553#94","94",0,0,2,1,1,2,3,7,7,7,8,10,10,10,11,14,14,15,17,17,23,24,25,27,27,27,27,27,28,34,38,38,33,38,290,10,15,15,15,15,15,20,20,25,25,25,25,30,30,35,35,40,40,40,40,40,45,45,45,45,50,50,297,"","","","","","","","","A","","F","","","","",256,272
3,5,2,"28018"," - Mx 1553#94","94",0,0,0,0,0,0,0,0,0,0,1,1,1,1,1,1,2,2,3,4,5,5,5,5,7,10,11,11,17,18,18,18,18,18,283,NA,NA,0,5,5,10,15,15,15,15,25,25,25,25,30,30,30,30,30,35,40,40,40,40,40,40,40,264,"","","","","","","","","","","","A","","","F",276,298
2,8,3,"27928"," - Mx 1553#95","95",0,0,1,2,3,3,3,4,4,4,4,4,6,6,8,13,14,16,17,17,17,17,17,17,17,18,17,18,20,23,23,23,23,23,283,15,20,15,15,20,20,25,25,30,30,35,35,35,35,35,40,40,45,45,45,45,45,45,45,45,45,45,242,"","","","A","","F","","","","","","","","","",220,234
3,9,5,"28048"," - Mx 1553#95","95",2,2,5,5,7,9,11,12,12,14,16,17,19,23,24,29,30,31,37,38,41,41,42,43,43,44,47,49,71,72,65,62,65,72,283,25,25,25,25,25,30,35,30,35,35,35,35,35,40,40,40,40,40,45,45,45,45,45,45,45,45,45,248,"","","A","F","","","","","","","","","","","",213,220
1,9,12,"27902"," - Mx 1553#96","96",2,3,8,9,7,12,13,13,13,13,14,15,16,18,19,24,31,43,51,50,54,61,64,64,69,66,68,68,74,83,85,85,89,89,305,10,15,15,20,20,20,35,30,35,35,35,40,40,45,40,40,40,40,40,40,40,40,40,40,40,40,45,213,"","","","","A","F","","","","","","","","","",227,234
2,2,5,"27940"," - Mx 1553#96","96",0,1,8,9,7,6,5,7,9,12,15,15,16,17,22,29,32,31,32,38,40,40,40,42,44,48,55,61,66,68,67,71,70,71,297,15,20,20,20,20,20,25,25,30,30,30,30,30,35,40,40,40,40,40,40,40,40,40,40,40,40,40,220,"","","A","","F","","","","","","","","","","",213,227
3,1,3,"28023"," - Mx 1553#96","96",0,0,0,1,2,3,3,5,7,5,5,5,5,5,7,8,8,9,10,16,17,20,20,21,21,22,24,24,33,31,34,31,31,34,290,5,5,10,10,15,10,15,15,20,20,20,20,20,20,20,20,20,20,20,20,25,25,25,25,25,25,25,264,"","","","","A","","","","","F","","","","","",227,264
1,5,2,"27814"," - Mx 1553#97","97",0,0,0,0,1,1,1,1,1,1,1,1,2,2,2,2,2,3,4,5,6,6,6,6,7,7,8,11,17,16,16,16,14,17,276,15,15,20,20,20,20,15,20,20,20,25,30,30,35,35,40,40,40,40,45,45,45,45,45,45,45,45,256,"","","","","A","","","F","","","","","","","",227,248
2,2,10,"27982"," - Mx 1553#97","97",0,1,1,1,1,1,2,1,4,3,4,4,4,4,5,5,5,6,8,8,10,10,11,11,11,11,13,13,17,20,22,22,22,22,290,NA,10,15,15,15,10,20,20,20,20,20,25,25,30,35,35,40,35,35,35,35,35,35,35,35,35,40,234,"","","","A","","","F","","","","","","","","",220,242
1,6,8,"27866"," - Mx 1553#98","98",1,1,4,5,4,4,3,4,5,6,9,11,9,11,11,15,15,15,21,29,30,31,32,38,38,40,42,51,62,76,75,73,72,76,283,15,20,20,25,25,20,25,30,30,30,25,30,30,25,30,35,35,40,40,40,40,40,40,40,40,40,40,242,"","","","","","","","","","","","","A","","",286,NA
2,2,3,"27922"," - Mx 1553#98","98",1,1,5,4,6,5,4,8,8,9,10,11,13,13,13,15,15,18,18,21,25,31,33,37,45,42,44,54,60,62,69,71,72,72,305,15,15,15,20,20,20,25,30,30,25,25,25,30,30,35,35,40,45,45,50,50,50,50,50,50,50,50,256,"","","","","","","","","","","","A","","","",276,NA
3,5,1,"28010"," - Mx 1553#98","98",0,0,3,3,3,3,3,1,1,2,2,2,4,4,5,5,5,6,6,6,7,8,9,8,11,10,12,12,19,18,19,19,21,21,305,5,10,10,10,10,15,15,15,20,15,20,20,20,20,20,20,20,25,25,30,30,30,25,25,25,25,30,256,"","","","","","","","","A","","","","","","",256,NA
1,8,11,"27893"," - Mx 1553#99","99",1,2,10,7,3,3,5,7,7,9,10,10,11,13,16,19,22,24,25,28,29,29,30,32,32,31,32,35,51,65,63,62,67,67,305,15,20,20,20,20,20,25,30,30,30,30,35,40,45,50,50,55,55,60,65,65,70,70,70,70,70,70,270,"","","","","","","","","","","A","F","","","",272,276
2,8,2,"27919"," - Mx 1553#99","99",0,0,0,0,1,2,2,2,2,2,2,2,2,2,3,3,7,10,8,10,10,10,10,10,10,10,10,10,11,12,11,11,12,12,283,15,15,15,15,20,15,30,25,30,35,40,40,40,40,45,45,45,50,55,55,55,55,55,50,45,45,55,248,"","","","","","","","","","A","F","","","","",264,272
3,9,3,"28031"," - Mx 1553#99","99",0,1,4,5,5,6,6,7,7,7,8,10,12,13,13,14,15,15,15,16,16,18,18,19,19,19,19,19,16,20,20,21,23,23,305,15,15,15,15,20,20,25,25,30,30,40,40,40,40,45,45,45,50,50,55,50,50,50,50,50,50,55,256,"","","","","","","","","","","A","","","","",272,NA
1,9,3,"27826"," - Mx 1553#100","100",0,1,2,2,1,2,1,2,1,1,2,3,4,4,4,9,10,9,11,14,14,16,16,17,19,19,18,20,23,26,26,27,28,28,305,10,10,10,15,20,25,30,35,30,30,30,35,35,35,55,45,40,40,40,40,40,40,40,40,40,40,55,220,"F","F","","","","","","","","","","","","","",NA,200
3,9,2,"28022"," - Mx 1553#100","100",0,1,1,1,0,4,1,2,3,3,3,3,3,3,6,7,6,6,8,10,12,13,13,12,16,17,16,16,16,21,24,25,25,25,297,10,15,15,20,20,25,30,30,40,35,40,45,45,45,45,45,45,45,45,45,45,45,40,40,40,40,45,200,"","","A","","","","F","","","","","","","","",213,242
1,1,2,"27810"," - Mx 1553#101","101",1,1,3,2,3,4,7,7,7,8,10,10,11,15,15,18,28,28,31,32,35,35,38,39,42,43,46,46,66,72,84,81,79,84,290,15,15,20,25,30,30,25,30,35,40,45,45,50,50,55,55,60,60,60,60,60,60,60,60,60,60,60,234,"","","","","","","","","","","","A","","","",276,NA
2,7,8,"27970"," - Mx 1553#101","101",1,1,2,2,5,5,4,7,9,10,12,15,21,22,23,25,31,33,45,50,54,56,63,67,74,79,82,86,107,128,129,138,135,138,297,15,15,20,25,30,30,35,35,40,40,50,50,50,50,55,55,60,65,65,65,65,70,70,70,70,70,70,270,"","","","","","","","","","","","A","","","",276,NA
3,3,1,"28008"," - Mx 1553#101","101",0,0,1,1,1,1,1,3,4,3,3,3,3,4,4,5,6,6,8,8,8,10,10,10,10,11,15,16,24,25,27,30,30,30,297,15,20,20,25,25,25,40,45,45,45,50,50,45,50,50,50,55,55,55,60,60,60,60,60,60,60,60,256,"","","","","","","","","A","","F","","","","",256,272
1,6,1,"27806"," - Mx 1553#102","102",0,0,1,0,1,2,3,3,3,3,4,5,5,5,7,11,14,16,18,18,18,21,22,23,24,25,25,25,29,33,33,31,33,33,283,15,20,25,20,20,20,25,25,25,25,30,30,35,35,40,40,45,45,45,45,45,45,45,45,45,45,45,234,"","","","","A","","","F","","","","","","","",227,248
2,4,10,"27984"," - Mx 1553#102","102",2,2,3,1,1,1,3,4,4,5,6,6,7,9,10,13,14,15,16,18,19,20,20,21,22,22,25,26,30,31,31,31,31,31,283,15,15,25,20,25,30,30,30,35,30,40,35,40,40,45,45,50,50,50,50,50,50,50,50,50,50,50,234,"","","","","","","A","F","","","","","","","",242,248
3,7,1,"28012"," - Mx 1553#102","102",0,1,1,2,2,3,3,3,3,4,5,5,8,10,11,13,13,13,13,13,13,15,15,16,21,22,26,28,28,29,30,31,32,32,305,20,20,25,25,25,25,35,35,35,35,40,40,40,40,45,45,50,50,50,50,50,50,50,50,50,50,50,234,"","","","A","","F","","","","","","","","","",220,234
2,3,8,"27967"," - Mx 1553#103","103",0,1,4,1,0,0,0,1,2,2,2,4,4,6,7,7,7,8,8,10,13,15,16,17,19,20,27,27,36,43,42,42,45,45,305,10,10,15,15,20,20,25,25,30,25,30,30,35,40,40,45,50,55,55,55,55,55,50,50,50,50,55,242,"","","","","","","","","A","","","F","","","",256,276
3,4,7,"28059"," - Mx 1553#103","103",0,0,0,0,1,1,0,1,1,1,1,3,4,4,4,4,7,8,8,9,11,12,13,13,22,20,27,30,32,34,34,35,36,36,305,5,5,10,10,15,15,20,20,25,25,30,30,30,30,35,40,40,40,45,45,45,45,45,40,40,40,45,248,"","","","","","","","","A","F","","","","","",256,264
1,6,11,"27891"," - Mx 1553#104","104",1,3,3,2,4,4,3,2,1,2,3,3,3,16,4,4,4,7,7,8,9,10,13,14,16,17,17,19,19,20,22,20,21,22,290,15,10,5,10,10,15,20,20,20,20,20,25,30,30,35,35,35,35,40,45,45,45,45,45,45,45,45,256,"","","","","","","A","","F","","","","","","",242,256
2,1,5,"27939"," - Mx 1553#104","104",0,2,3,0,0,0,1,2,2,2,2,2,5,5,5,6,9,8,10,13,15,16,18,18,20,20,22,22,34,33,38,38,38,38,290,15,20,20,25,30,25,35,35,35,30,35,35,40,40,40,45,50,50,50,50,50,50,50,50,45,45,50,234,"","","","A","","","","","F","","","","","","",220,256
3,7,10,"28089"," - Mx 1553#104","104",0,0,0,0,0,0,1,1,1,2,2,2,2,2,2,3,3,5,5,5,5,8,8,9,9,11,11,13,15,15,16,16,16,16,290,5,5,5,5,15,15,20,20,25,20,25,25,25,25,30,30,30,30,35,40,40,40,40,40,40,40,40,256,"","","","","","","A","","","F","","","","","",242,264
1,1,9,"27870"," - Mx 1553#105","105",0,1,2,2,2,2,2,4,4,4,4,4,5,5,6,7,9,10,11,13,13,14,15,15,15,14,14,15,17,18,18,18,19,19,305,20,25,30,25,30,30,30,30,30,30,30,35,35,30,30,30,30,30,30,30,25,25,25,25,25,25,35,200,"","","","","A","","","","","","","","","","",227,NA
2,9,10,"27989"," - Mx 1553#105","105",0,0,0,0,0,1,2,3,3,3,3,3,3,4,3,3,4,5,5,5,5,7,6,7,8,7,9,13,15,16,16,16,16,16,283,10,15,15,15,20,20,25,25,30,30,35,35,35,40,40,40,45,50,45,45,45,45,45,40,40,40,50,242,"","","","","","","","A","","","","F","","","",248,276
3,7,3,"28029"," - Mx 1553#105","105",0,0,0,1,1,2,2,2,3,3,3,3,3,5,6,6,7,8,10,15,16,16,16,16,17,19,19,21,21,24,27,29,26,29,297,15,20,20,20,20,25,25,25,35,25,35,40,45,50,50,45,45,45,45,45,45,45,40,40,40,40,50,213,"","","","A","","","F","","","","","","","","",220,242
1,8,2,"27817"," - Mx 1553#108","108",0,0,1,2,5,5,6,9,10,12,12,14,16,16,18,27,30,32,36,44,54,57,61,63,70,77,84,90,112,123,122,123,123,123,283,15,15,15,20,20,20,35,30,30,30,30,40,40,45,45,45,45,45,50,50,50,50,50,45,45,45,50,248,"","","","A","","","","F","","","","","","","",220,248
2,5,4,"27934"," - Mx 1553#108","108",0,1,2,3,6,11,12,14,14,22,24,28,30,33,33,49,57,66,67,75,80,90,87,96,102,107,107,116,130,144,141,138,140,144,283,20,20,25,25,25,30,40,40,40,35,35,35,40,40,45,45,50,50,50,50,50,50,50,50,50,50,50,234,"","","","","A","","F","","","","","","","","",227,242
3,2,2,"28016"," - Mx 1553#108","108",0,1,1,1,2,0,1,1,1,1,1,2,6,6,7,7,7,12,13,14,16,18,19,20,23,24,24,23,29,30,28,29,31,31,305,5,5,5,5,5,10,10,10,10,10,15,15,15,20,25,25,30,35,35,40,40,40,40,40,40,40,40,256,"","","","","","","","","","A","F","","","","",264,272
1,3,8,"27863"," - Mx 1553#109","109",1,1,1,1,5,6,5,6,8,9,9,9,10,11,11,17,20,24,28,28,29,32,34,37,38,36,39,44,48,73,73,68,66,73,283,15,15,15,15,15,20,20,20,25,30,30,35,40,40,40,45,45,45,45,45,50,50,50,50,50,50,50,264,"","","","","","","","","","A","","","","","",264,NA
2,5,5,"27943"," - Mx 1553#109","109",0,0,2,2,4,11,10,16,18,28,28,31,32,33,35,33,34,38,38,43,43,49,52,52,55,56,62,69,95,91,97,97,97,97,290,15,15,15,15,20,20,20,25,25,25,35,35,35,35,40,40,45,50,50,55,55,60,60,55,55,55,60,270,"","","","","","","","","","","","A","","","",276,NA
3,5,10,"28087"," - Mx 1553#109","109",0,0,1,2,5,8,9,9,9,9,9,9,10,11,11,13,20,21,22,22,24,27,27,27,27,27,27,31,40,44,46,48,48,48,297,15,15,20,25,25,25,30,30,35,35,40,40,45,45,50,50,50,50,50,55,55,60,60,55,55,55,60,270,"","","","","","","","","","","","A","","","",276,NA
1,2,8,"27862"," - Mx 1553#110","110",0,4,6,6,5,5,3,6,5,6,6,6,7,7,9,11,13,16,18,24,25,29,30,31,36,35,37,45,51,57,65,74,74,74,297,15,15,15,15,15,15,20,20,25,30,30,30,35,35,35,40,40,40,40,40,40,45,45,45,45,45,45,270,"","","","","","","","","","F","","","","","",NA,264
2,2,4,"27931"," - Mx 1553#110","110",1,2,3,5,4,3,3,3,3,3,5,7,12,13,13,20,21,23,24,23,26,30,33,33,37,40,43,48,54,66,74,79,80,80,305,15,25,25,25,25,25,35,35,35,35,40,40,40,50,55,60,60,65,65,65,65,65,65,65,65,65,65,242,"","","","","","","A","","F","","","","","","",242,256
3,4,12,"28104"," - Mx 1553#110","110",0,0,4,7,7,7,7,6,8,8,9,10,14,19,19,20,23,27,27,27,32,35,36,36,38,38,43,47,65,84,82,82,90,90,305,25,30,30,30,30,35,35,35,35,40,45,50,50,55,55,55,60,60,60,65,65,65,65,65,65,65,65,256,"","","","","A","","","","F","","","","","","",227,256
1,6,2,"ABR 15 FS B1-R6 C2"," - Mx 1553#112","112",0,0,0,0,0,0,0,1,1,1,1,1,1,1,1,1,1,1,1,1,1,2,2,3,3,3,3,3,6,9,10,8,7,10,290,NA,5,5,10,10,10,15,15,15,15,15,15,15,15,20,20,20,20,20,25,25,25,30,30,30,30,30,276,"","","","","","","","","","","","","","","",NA,NA
2,8,5,"27946"," - Mx 1553#112","112",0,0,0,0,1,2,2,2,2,2,2,2,3,3,3,3,3,4,4,6,7,8,9,10,11,12,13,14,15,15,16,15,15,16,290,5,10,5,15,15,15,20,20,20,20,25,20,20,20,25,30,35,35,40,40,40,40,40,40,35,35,40,248,"","","","","","","","","","","","","","","",NA,NA
3,7,4,"28037"," - Mx 1553#112","112",0,0,0,0,0,1,1,1,2,2,2,2,2,3,3,3,2,2,2,2,2,2,2,2,3,4,4,4,4,5,5,5,5,5,283,5,5,10,10,5,5,5,5,10,10,15,15,15,15,15,15,20,20,20,25,25,25,25,25,25,25,25,256,"","","","","","","","","","","","","","","",NA,NA
1,7,2,"27816"," - Mx 1553#113","113",0,0,0,0,0,2,2,2,2,3,3,3,4,4,4,5,6,8,8,7,14,17,18,19,22,22,22,23,28,31,31,30,30,31,283,15,15,15,15,20,20,20,20,20,20,20,30,30,35,40,40,40,40,40,40,40,40,40,40,40,40,40,220,"","","","","A","","","F","","","","","","","",227,248
3,2,7,"28057"," - Mx 1553#113","113",0,1,1,1,2,3,3,3,3,3,3,3,3,3,3,6,6,8,9,9,11,11,11,11,12,12,13,14,16,17,17,17,17,17,283,15,25,20,20,25,25,30,30,35,35,40,40,45,45,45,45,45,50,45,45,45,45,45,40,40,40,50,242,"","","","A","","F","","","","","","","","","",220,234
1,1,1,"27801"," - Mx 1553#114","114",0,0,1,1,1,1,2,2,2,2,2,2,3,3,3,5,5,5,8,7,7,11,12,15,16,14,15,17,17,18,19,20,20,20,297,15,15,15,15,20,20,20,20,20,20,20,20,20,20,20,20,20,20,20,20,20,20,20,20,20,20,20,151,"","","","","","","","","","","","","","","",NA,NA
2,6,6,"27953"," - Mx 1553#114","114",0,0,0,0,2,1,3,3,4,4,4,6,6,7,7,10,9,15,16,20,23,23,24,25,24,27,30,31,56,48,60,63,66,66,305,10,15,15,15,15,20,20,20,20,20,25,20,20,20,20,20,20,20,20,20,25,25,25,25,25,25,25,192,"","","","","","","","","","","","","","","",NA,NA
3,6,3,"28028"," - Mx 1553#114","114",0,0,1,2,3,4,5,8,10,10,11,11,11,13,11,12,15,16,23,29,29,36,36,36,36,38,40,41,46,46,48,55,50,55,297,15,20,20,20,20,20,20,20,20,20,20,20,20,20,20,20,20,20,20,20,20,20,20,20,20,20,20,129,"","","","","","","","","","","","","","","",NA,NA
1,3,2,"27812"," - Mx 1553#115","115",0,0,0,0,1,1,2,2,2,2,2,2,2,2,2,2,3,7,8,10,10,9,11,12,12,13,15,15,16,16,18,17,17,18,290,NA,10,5,10,10,10,10,15,15,15,15,15,15,15,15,15,15,15,15,20,20,20,25,25,25,25,25,276,"","","","A","","","F","","","","","","","","",220,242
2,2,11,"27991"," - Mx 1553#115","115",2,3,4,2,3,6,8,11,11,12,13,13,14,15,16,23,28,31,33,35,36,39,39,40,42,42,48,51,50,53,53,56,55,56,297,10,15,15,20,20,20,25,25,25,25,30,30,30,40,40,40,40,45,40,40,40,40,40,40,40,40,45,242,"","","","A","F","","","","","","","","","","",220,227
3,4,8,"28068"," - Mx 1553#115","115",0,0,0,0,0,0,0,0,0,0,0,0,0,1,1,1,1,1,1,2,2,2,2,2,2,3,5,6,7,7,6,6,6,7,276,NA,NA,0,0,0,5,5,10,10,10,15,15,20,20,20,25,25,25,30,30,30,30,25,25,25,25,30,248,"","","","","","","","A","","","F","","","","",248,272
1,2,3,"27820"," - Mx 1553#116","116",1,1,8,7,8,9,10,10,12,16,17,20,24,24,27,28,32,34,39,44,48,49,56,62,65,69,71,79,113,106,104,110,107,113,276,20,25,25,25,25,25,25,25,25,25,25,30,30,30,30,30,30,30,30,30,30,30,30,30,30,30,30,200,"","","","","","","","","","","","","","","",NA,NA
2,8,10,"27988"," - Mx 1553#116","116",0,0,5,3,5,4,7,7,10,12,12,16,17,19,22,29,36,40,49,57,61,68,70,73,77,91,94,102,114,126,128,130,129,130,297,15,15,20,20,25,20,30,30,30,25,30,30,30,35,35,35,35,35,35,35,35,35,35,35,35,35,35,213,"","","","","","","","","","","","","","","",NA,NA
3,1,1,"28006"," - Mx 1553#116","116",1,1,6,13,14,14,14,14,20,20,20,24,26,39,40,50,56,60,62,71,79,91,90,96,97,103,110,111,154,157,128,138,141,157,283,30,30,30,30,30,25,30,30,30,25,30,30,30,30,30,30,30,30,30,30,30,30,30,30,30,30,30,123,"","","","","","","","","","","","","","","",NA,NA
1,6,3,"27824"," - Mx 1553#117","117",0,0,4,4,5,4,5,6,8,6,8,11,10,11,13,19,24,26,27,29,31,32,35,36,36,36,38,38,46,48,48,50,51,51,305,15,15,15,15,15,15,20,20,25,25,30,30,30,35,40,40,45,45,45,45,45,45,45,45,45,45,45,234,"","","","","A","","F","","","","","","","","",227,242
3,4,10,"28086"," - Mx 1553#117","117",1,0,2,2,6,7,6,7,9,8,9,9,10,15,17,17,22,23,25,28,32,34,38,40,41,42,44,44,53,53,52,51,50,53,276,15,20,20,20,20,25,30,30,30,30,40,40,45,50,55,50,50,50,50,50,50,50,50,50,50,50,55,220,"","","","A","","F","","","","","","","","","",220,234
2,3,4,"27932"," - Mx 1553#118","118",0,0,0,1,1,1,3,2,3,3,3,3,5,5,5,5,5,8,8,10,13,13,13,11,13,16,14,16,26,27,27,27,29,29,305,15,15,15,20,20,20,25,25,25,20,25,25,25,25,25,25,25,30,30,30,30,30,30,30,30,30,30,242,"","","","","","","","","","","","","","","",NA,NA
3,8,6,"28055"," - Mx 1553#118","118",0,0,0,0,1,5,4,4,4,4,5,5,5,5,8,9,8,8,9,10,12,13,14,14,14,16,16,16,16,16,18,17,16,18,290,10,10,15,15,15,20,25,25,25,20,25,25,25,25,25,25,25,25,25,25,25,25,30,30,30,30,30,276,"","","","","","","","","","","","","","","",NA,NA
1,6,9,"27875"," - Mx 1553#119","119",3,5,6,4,5,5,3,5,5,6,6,5,8,9,11,13,17,18,21,25,24,28,30,33,41,40,48,48,63,67,67,64,66,67,283,10,15,20,20,20,20,25,20,30,25,30,30,35,35,40,40,45,45,45,50,50,50,50,50,50,45,50,256,"","","","","","","A","","F","","","","","","",242,256
2,2,9,"27974"," - Mx 1553#119","119",0,0,0,0,1,2,2,2,2,2,2,2,3,3,3,3,5,5,8,9,10,11,11,14,19,20,23,24,31,35,35,32,32,35,283,10,15,15,15,20,15,25,25,25,25,25,30,30,30,40,40,40,40,40,45,45,45,45,45,45,45,45,256,"","","","","","","A","","F","","","","","","",242,256
3,3,5,"28042"," - Mx 1553#119","119",1,1,4,6,4,4,3,4,6,5,7,7,9,9,9,13,16,16,19,20,23,24,25,25,24,25,34,36,53,57,56,62,60,62,297,20,25,25,30,35,30,50,45,50,45,50,45,50,50,50,55,55,55,60,60,60,60,60,55,50,50,60,248,"","","A","F","","","","","","","","","","","",213,220
1,1,11,"27887"," - Mx 1553#120","120",5,6,13,9,8,10,11,15,18,21,24,23,31,31,35,51,56,64,81,89,86,96,107,110,123,127,128,147,176,214,223,219,210,223,290,10,15,15,15,15,15,15,15,20,20,20,25,25,25,25,30,30,30,30,30,35,35,35,35,35,35,35,264,"","","","","","","","","","A","F","","","","",264,272
2,9,11,"27996"," - Mx 1553#120","120",0,7,15,17,15,15,20,23,24,28,32,36,41,46,50,50,60,65,73,74,74,81,87,88,88,100,100,100,106,126,136,133,134,136,290,15,15,15,20,20,20,25,25,30,30,35,35,35,35,35,35,35,40,40,40,40,40,40,40,40,40,40,242,"","","","","","","","","","","","","","","",NA,NA
3,6,1,"28011"," - Mx 1553#120","120",5,5,9,8,10,13,14,15,18,19,27,26,23,27,30,35,43,43,44,20,53,60,62,66,65,73,85,90,108,116,114,115,115,116,283,15,15,20,20,20,20,25,30,30,30,35,35,35,35,35,35,35,40,40,40,40,40,40,45,45,45,45,283,"","","","","","","","","","A","","","","","",264,NA
1,7,3,"ABR 15 FS B1-R7 C3","Giganteus","Gig",0,0,0,0,0,1,2,4,4,4,4,4,5,5,6,8,10,12,15,16,18,18,19,22,27,29,31,34,43,46,48,47,48,48,290,10,10,15,15,15,20,20,20,20,20,20,20,20,25,25,40,35,35,35,35,35,35,35,35,35,35,40,227,"","","","","","","","","","","","","","","",NA,NA
3,9,6,"ABR 15 FS B3-R9 C6","giganteus","Gig",0,0,1,1,2,2,2,3,3,3,7,7,10,10,13,13,12,12,12,14,18,19,20,22,22,23,26,28,36,41,46,43,42,46,290,20,25,25,25,25,25,30,30,30,30,35,30,25,25,25,25,25,25,30,30,30,30,30,30,30,30,35,192,"","","","","","","","","","","","","","","",NA,NA
1,2,12,"ABR 15 FS B1-R2 C12"," - Goliath","Gol",1,1,2,1,2,2,2,3,3,3,3,3,3,3,4,7,7,8,10,10,10,11,11,14,17,17,18,20,27,24,23,25,22,27,276,15,20,25,30,30,30,35,40,45,50,50,55,60,65,65,70,75,70,65,70,70,70,70,70,65,65,75,234,"","","","","A","","F","","","","","","","","",227,242
1,3,4,"ABR 15 FS B1-R3 C4"," - Goliath","Gol",1,1,1,1,1,1,1,1,2,2,1,1,2,2,2,2,2,2,2,4,4,4,4,5,7,8,8,8,7,7,9,8,8,9,290,NA,5,5,10,15,20,25,30,35,35,40,45,45,50,55,60,60,60,60,60,50,50,50,50,50,50,60,227,"","","","","","","","","","A","","F","","","",264,276
1,9,9,"ABR 15 FS B1-R9 C9"," - Goliath","Gol",0,0,0,0,1,0,0,1,1,1,1,1,1,1,1,1,3,3,2,2,2,2,2,5,10,10,10,11,11,11,11,11,11,11,264,NA,5,5,10,15,15,25,25,25,20,30,30,35,35,35,40,40,45,45,45,45,45,45,45,45,45,45,242,"","","","","","","","","","A","F","","","","",264,272
2,4,11,"ABR 15 FS B2-R4 C11"," - Goliath","Gol",0,1,3,0,0,2,2,2,2,2,3,3,2,2,3,3,5,6,6,7,8,9,9,9,9,10,9,15,16,19,20,20,20,20,290,30,20,20,25,25,35,45,45,50,50,65,60,60,65,65,60,60,60,60,60,60,60,60,60,60,60,65,192,"","","","A","F","","","","","","","","","","",220,227
2,6,8,"ABR 15 FS B2-R6 C8"," - Goliath","Gol",0,0,1,0,0,0,2,2,2,2,2,2,2,3,3,4,5,6,7,7,7,8,7,9,9,9,13,18,24,23,24,22,21,24,276,15,25,20,30,30,30,35,40,50,50,60,60,70,75,75,70,70,70,70,75,75,80,70,70,70,70,80,270,"","","","","A","","F","","","","","","","","",227,242
2,9,6,"ABR 15 FS B2-R9 C6"," - Goliath","Gol",0,0,1,1,2,2,2,3,2,2,2,2,2,2,2,2,2,5,6,7,8,9,10,10,11,12,12,12,17,17,17,17,17,17,276,NA,10,15,20,25,30,35,35,40,45,70,60,65,70,75,70,65,60,65,70,70,75,75,75,70,65,75,220,"","","","","A","","","","F","","","","","","",227,256
3,3,2,"ABR 15 FS B3-R3 C2"," - Goliath","Gol",1,1,1,1,1,1,2,2,1,1,2,2,2,2,2,2,7,7,8,9,11,11,11,11,12,13,13,13,16,16,16,16,15,16,276,25,25,25,30,20,20,45,40,40,45,50,45,50,55,55,55,55,55,50,55,55,60,60,60,55,55,60,270,"","","","F","","","","","","","","","","","",NA,220
3,3,4,"ABR 15 FS B3-R3 C4"," - Goliath","Gol",1,1,1,1,2,2,2,2,2,2,2,3,4,4,4,4,6,6,7,7,8,10,11,10,12,13,13,16,17,17,21,21,18,21,290,25,25,25,30,35,35,40,50,50,50,50,55,60,65,65,60,60,65,65,70,65,65,60,60,60,60,70,256,"","","","F","","","","","","","","","","","",NA,220
3,5,6,"ABR 15 FS B3-R5 C6"," - Goliath","Gol",0,0,5,5,5,5,6,6,6,6,6,7,9,11,14,15,16,16,16,16,18,20,21,22,24,24,27,29,38,43,44,41,38,44,290,25,30,30,40,40,40,45,45,50,50,50,50,50,60,65,65,65,65,65,65,65,65,60,60,60,60,65,220,"","","","F","","","","","","","","","","","",NA,220
3,6,12,"ABR 15 FS B3-R6 C12"," - Goliath","Gol",0,0,0,0,0,2,1,1,1,1,1,1,1,1,1,1,1,1,4,4,4,5,5,5,5,5,5,6,9,9,9,9,9,9,276,NA,NA,5,5,5,10,20,30,30,25,35,30,35,35,35,35,35,35,35,35,40,40,40,40,40,40,40,264,"","","","","","","","","","","","","","","",NA,NA
